line,16816,total,0.0270954,total0,0.0480375,false,0.0552285,over,0.0270954,false0,0.0979145,over0,0.0480375,overaggr,0.0243596,overcuckoo,0.00273583,over_ai,0.0611138,over_ai,0.0273152,over_ai,0.0124852,over_ai,0.0214001,over_ai,0.0611138,over_ai,0.0273152,over_ai,0.0124852,over_ai,0.0214001,countIP,1.1794e+08,countIP0,1.20345e+08,keysum,1.14829e+08,pktSum,1.71165e+08,aggrSum,2.79718e+06,blackkey_num,0,feedback,0,feedsumportion,0,finger0,10,finger,14,time,0,runtime,1
line,33292,total,0.0316712,total0,0.0489504,false,0.0621541,over,0.0316712,false0,0.0960642,over0,0.0489504,overaggr,0.0248094,overcuckoo,0.00686185,over_ai,0.0597393,over_ai,0.064182,over_ai,0.0135558,over_ai,0.0224656,over_ai,0.060395,over_ai,0.0452096,over_ai,0.0129987,over_ai,0.021953,countIP,2.35502e+08,countIP0,2.39446e+08,keysum,2.28272e+08,pktSum,3.44591e+08,aggrSum,5.66439e+06,blackkey_num,0,feedback,67,feedsumportion,0.901879,finger0,10,finger,14,time,7,runtime,2
line,49941,total,0.0345464,total0,0.0501785,false,0.0640818,over,0.0345464,false0,0.0930785,over0,0.0501785,overaggr,0.0257125,overcuckoo,0.00883389,over_ai,0.0516832,over_ai,0.0879143,over_ai,0.0148712,over_ai,0.026129,over_ai,0.0573244,over_ai,0.0587224,over_ai,0.0135462,over_ai,0.0233214,countIP,3.49931e+08,countIP0,3.55218e+08,keysum,3.38246e+08,pktSum,5.20593e+08,aggrSum,8.6979e+06,blackkey_num,0,feedback,62,feedsumportion,0.926141,finger0,10,finger,14,time,6,runtime,3.00001
line,66484,total,0.033216,total0,0.0505771,false,0.0619658,over,0.033216,false0,0.0943538,over0,0.0505771,overaggr,0.0260559,overcuckoo,0.0071601,over_ai,0.0492521,over_ai,0.031602,over_ai,0.0142119,over_ai,0.0280684,over_ai,0.0551141,over_ai,0.0517514,over_ai,0.0136639,over_ai,0.0244519,countIP,4.64483e+08,countIP0,4.72287e+08,keysum,4.49551e+08,pktSum,6.90526e+08,aggrSum,1.17138e+07,blackkey_num,0,feedback,64,feedsumportion,0.92772,finger0,10,finger,14,time,6,runtime,4.00001
line,82913,total,0.0326863,total0,0.0518936,false,0.0599927,over,0.0326863,false0,0.0952458,over0,0.0518936,overaggr,0.0262072,overcuckoo,0.00647915,over_ai,0.0564173,over_ai,0.0356513,over_ai,0.014733,over_ai,0.0222752,over_ai,0.0553013,over_ai,0.0486051,over_ai,0.0138303,over_ai,0.0240219,countIP,5.72209e+08,countIP0,5.82852e+08,keysum,5.54098e+08,pktSum,8.55991e+08,aggrSum,1.45218e+07,blackkey_num,0,feedback,63,feedsumportion,0.893397,finger0,10,finger,14,time,6,runtime,5.00001
line,99371,total,0.0326992,total0,0.0521494,false,0.060089,over,0.0326992,false0,0.0958313,over0,0.0521494,overaggr,0.0261902,overcuckoo,0.00650901,over_ai,0.0466812,over_ai,0.0452572,over_ai,0.0169767,over_ai,0.0307949,over_ai,0.0538497,over_ai,0.0480261,over_ai,0.0142745,over_ai,0.0251624,countIP,6.84907e+08,countIP0,6.97807e+08,keysum,6.6322e+08,pktSum,1.02413e+09,aggrSum,1.7372e+07,blackkey_num,0,feedback,64,feedsumportion,0.911399,finger0,10,finger,14,time,6,runtime,6.00002
line,115924,total,0.0329823,total0,0.0545463,false,0.0599036,over,0.0329823,false0,0.099069,over0,0.0545463,overaggr,0.0270361,overcuckoo,0.00594619,over_ai,0.0595614,over_ai,0.0342336,over_ai,0.016755,over_ai,0.0334938,over_ai,0.0546918,over_ai,0.0460887,over_ai,0.0145735,over_ai,0.0262892,countIP,7.93538e+08,countIP0,8.10104e+08,keysum,7.68201e+08,pktSum,1.19116e+09,aggrSum,2.07696e+07,blackkey_num,0,feedback,66,feedsumportion,0.915708,finger0,10,finger,14,time,6,runtime,7.00002
line,131910,total,0.0326586,total0,0.0533565,false,0.0596848,over,0.0326586,false0,0.097511,over0,0.0533565,overaggr,0.0272257,overcuckoo,0.00543292,over_ai,0.0517301,over_ai,0.024955,over_ai,0.010622,over_ai,0.0473305,over_ai,0.0542007,over_ai,0.0435112,over_ai,0.0140444,over_ai,0.028647,countIP,9.1339e+08,countIP0,9.31698e+08,keysum,8.84504e+08,pktSum,1.36849e+09,aggrSum,2.40815e+07,blackkey_num,0,feedback,62,feedsumportion,0.913952,finger0,10,finger,14,time,6,runtime,8.00003
line,147666,total,0.0324719,total0,0.052462,false,0.0593156,over,0.0324719,false0,0.0958311,over0,0.052462,overaggr,0.027373,overcuckoo,0.00509881,over_ai,0.0437088,over_ai,0.0359117,over_ai,0.0140436,over_ai,0.0443698,over_ai,0.0528453,over_ai,0.0426785,over_ai,0.014018,over_ai,0.0301783,countIP,1.03006e+09,countIP0,1.05001e+09,keysum,9.97667e+08,pktSum,1.54383e+09,aggrSum,2.73095e+07,blackkey_num,0,feedback,64,feedsumportion,0.908945,finger0,10,finger,14,time,6,runtime,9.00003
line,163845,total,0.0319394,total0,0.0518912,false,0.0588285,over,0.0319394,false0,0.0955774,over0,0.0518912,overaggr,0.0271562,overcuckoo,0.00478317,over_ai,0.0553491,over_ai,0.022055,over_ai,0.0141911,over_ai,0.026359,over_ai,0.0530913,over_ai,0.0403539,over_ai,0.0140311,over_ai,0.0298434,countIP,1.14749e+09,countIP0,1.16967e+09,keysum,1.11197e+09,pktSum,1.71568e+09,aggrSum,3.01973e+07,blackkey_num,0,feedback,62,feedsumportion,0.916815,finger0,10,finger,14,time,6,runtime,10
line,180252,total,0.0317441,total0,0.0513871,false,0.058555,over,0.0317441,false0,0.0947884,over0,0.0513871,overaggr,0.0271825,overcuckoo,0.00456156,over_ai,0.0548127,over_ai,0.0255124,over_ai,0.018681,over_ai,0.0230654,over_ai,0.0532458,over_ai,0.0389842,over_ai,0.0144429,over_ai,0.0292741,countIP,1.25973e+09,countIP0,1.28372e+09,keysum,1.22097e+09,pktSum,1.88289e+09,aggrSum,3.31894e+07,blackkey_num,0,feedback,63,feedsumportion,0.898906,finger0,10,finger,14,time,6,runtime,11
line,196678,total,0.032359,total0,0.0520977,false,0.0591528,over,0.032359,false0,0.0952355,over0,0.0520977,overaggr,0.0279446,overcuckoo,0.00441445,over_ai,0.0573121,over_ai,0.029715,over_ai,0.0375041,over_ai,0.0284145,over_ai,0.0536028,over_ai,0.0382542,over_ai,0.0160713,over_ai,0.029205,countIP,1.36769e+09,countIP0,1.39384e+09,keysum,1.32482e+09,pktSum,2.04956e+09,aggrSum,3.7022e+07,blackkey_num,0,feedback,66,feedsumportion,0.902197,finger0,10,finger,14,time,6,runtime,12
line,212794,total,0.0322648,total0,0.0526292,false,0.0592362,over,0.0322648,false0,0.0966239,over0,0.0526292,overaggr,0.0280276,overcuckoo,0.0042372,over_ai,0.0407433,over_ai,0.0252371,over_ai,0.0315688,over_ai,0.0233782,over_ai,0.0525115,over_ai,0.0372686,over_ai,0.0172366,over_ai,0.0287548,countIP,1.48447e+09,countIP0,1.51376e+09,keysum,1.43807e+09,pktSum,2.22136e+09,aggrSum,4.03082e+07,blackkey_num,0,feedback,65,feedsumportion,0.921968,finger0,10,finger,14,time,6,runtime,13
line,229116,total,0.0324899,total0,0.0525886,false,0.0592523,over,0.0324899,false0,0.0959066,over0,0.0525886,overaggr,0.0283667,overcuckoo,0.00412322,over_ai,0.0565425,over_ai,0.0223255,over_ai,0.0382419,over_ai,0.0284025,over_ai,0.0527462,over_ai,0.0360482,over_ai,0.0184235,over_ai,0.028651,countIP,1.59189e+09,countIP0,1.62288e+09,keysum,1.54179e+09,pktSum,2.38721e+09,aggrSum,4.37356e+07,blackkey_num,0,feedback,63,feedsumportion,0.917421,finger0,10,finger,14,time,6,runtime,14
line,245319,total,0.0327195,total0,0.0527321,false,0.059137,over,0.0327195,false0,0.0953076,over0,0.0527321,overaggr,0.0287154,overcuckoo,0.00400408,over_ai,0.0706972,over_ai,0.0216253,over_ai,0.0373765,over_ai,0.0263134,over_ai,0.0537325,over_ai,0.0349867,over_ai,0.019223,over_ai,0.0285001,countIP,1.70115e+09,countIP0,1.73412e+09,keysum,1.64725e+09,pktSum,2.55865e+09,aggrSum,4.73015e+07,blackkey_num,0,feedback,61,feedsumportion,0.91839,finger0,10,finger,14,time,6,runtime,15.0001
line,261677,total,0.0327024,total0,0.052544,false,0.0588178,over,0.0327024,false0,0.0945045,over0,0.052544,overaggr,0.0288005,overcuckoo,0.00390195,over_ai,0.0545488,over_ai,0.0246614,over_ai,0.0326602,over_ai,0.023912,over_ai,0.0537818,over_ai,0.0342793,over_ai,0.0196447,over_ai,0.0282104,countIP,1.81351e+09,countIP0,1.84836e+09,keysum,1.75609e+09,pktSum,2.73246e+09,aggrSum,5.05762e+07,blackkey_num,0,feedback,60,feedsumportion,0.919835,finger0,10,finger,14,time,6,runtime,16.0001
line,277877,total,0.0325256,total0,0.0523536,false,0.0582257,over,0.0325256,false0,0.0937207,over0,0.0523536,overaggr,0.0287764,overcuckoo,0.00374919,over_ai,0.0557664,over_ai,0.0258744,over_ai,0.0178112,over_ai,0.027743,over_ai,0.0538998,over_ai,0.0338005,over_ai,0.0193906,over_ai,0.0281823,countIP,1.92637e+09,countIP0,1.96337e+09,keysum,1.86569e+09,pktSum,2.90789e+09,aggrSum,5.36892e+07,blackkey_num,0,feedback,67,feedsumportion,0.921105,finger0,10,finger,14,time,6,runtime,17.0001
line,294453,total,0.0325192,total0,0.052185,false,0.0583899,over,0.0325192,false0,0.0937007,over0,0.052185,overaggr,0.0289382,overcuckoo,0.003581,over_ai,0.0801733,over_ai,0.0174129,over_ai,0.0139769,over_ai,0.0391387,over_ai,0.0552913,over_ai,0.0328584,over_ai,0.0189161,over_ai,0.0288115,countIP,2.0464e+09,countIP0,2.08538e+09,keysum,1.98195e+09,pktSum,3.08577e+09,aggrSum,5.73542e+07,blackkey_num,0,feedback,63,feedsumportion,0.904235,finger0,10,finger,14,time,6,runtime,18.0001
line,310878,total,0.0328076,total0,0.0527562,false,0.0586771,over,0.0328076,false0,0.0943557,over0,0.0527562,overaggr,0.0293556,overcuckoo,0.003452,over_ai,0.0820477,over_ai,0.0296957,over_ai,0.0191894,over_ai,0.0257254,over_ai,0.0566279,over_ai,0.0326937,over_ai,0.0189182,over_ai,0.02864,countIP,2.15231e+09,countIP0,2.19388e+09,keysum,2.08394e+09,pktSum,3.24911e+09,aggrSum,6.11752e+07,blackkey_num,0,feedback,67,feedsumportion,0.920489,finger0,10,finger,14,time,6,runtime,19.0001
line,327299,total,0.0331136,total0,0.0528149,false,0.0589957,over,0.0331136,false0,0.0940958,over0,0.0528149,overaggr,0.0297827,overcuckoo,0.00333083,over_ai,0.0847817,over_ai,0.0218272,over_ai,0.0225034,over_ai,0.0437231,over_ai,0.0579739,over_ai,0.0321016,over_ai,0.0189053,over_ai,0.0293372,countIP,2.26234e+09,countIP0,2.30548e+09,keysum,2.18983e+09,pktSum,3.41895e+09,aggrSum,6.5219e+07,blackkey_num,0,feedback,65,feedsumportion,0.916243,finger0,10,finger,14,time,6,runtime,20.0001
line,343521,total,0.0332978,total0,0.0528664,false,0.0594511,over,0.0332978,false0,0.0943895,over0,0.0528664,overaggr,0.029668,overcuckoo,0.00362982,over_ai,0.0553292,over_ai,0.0632729,over_ai,0.0143859,over_ai,0.0342094,over_ai,0.0578208,over_ai,0.0334869,over_ai,0.0185742,over_ai,0.0295663,countIP,2.38053e+09,countIP0,2.42562e+09,keysum,2.30382e+09,pktSum,3.59416e+09,aggrSum,6.83497e+07,blackkey_num,0,feedback,65,feedsumportion,0.929885,finger0,10,finger,14,time,6,runtime,21.0001
line,360187,total,0.0341283,total0,0.0537309,false,0.0607399,over,0.0341283,false0,0.0956277,over0,0.0537309,overaggr,0.0304813,overcuckoo,0.00364701,over_ai,0.0593542,over_ai,0.0308342,over_ai,0.0807406,over_ai,0.0303638,over_ai,0.0578862,over_ai,0.0333629,over_ai,0.0208078,over_ai,0.029586,countIP,2.4859e+09,countIP0,2.53302e+09,keysum,2.40386e+09,pktSum,3.75453e+09,aggrSum,7.32782e+07,blackkey_num,0,feedback,61,feedsumportion,0.92431,finger0,10,finger,14,time,6,runtime,22.0001
line,376683,total,0.035236,total0,0.0540266,false,0.0629045,over,0.035236,false0,0.0964501,over0,0.0540266,overaggr,0.0315942,overcuckoo,0.00364183,over_ai,0.0749954,over_ai,0.0315661,over_ai,0.0911636,over_ai,0.0254017,over_ai,0.058623,over_ai,0.0332891,over_ai,0.0235978,over_ai,0.0293919,countIP,2.60654e+09,countIP0,2.65385e+09,keysum,2.51782e+09,pktSum,3.92819e+09,aggrSum,7.95487e+07,blackkey_num,0,feedback,66,feedsumportion,0.942217,finger0,10,finger,14,time,6,runtime,23.0001
line,393044,total,0.0354458,total0,0.0540362,false,0.0635417,over,0.0354458,false0,0.0968678,over0,0.0540362,overaggr,0.0317856,overcuckoo,0.0036602,over_ai,0.0652038,over_ai,0.0298278,over_ai,0.0442875,over_ai,0.0297361,over_ai,0.0588615,over_ai,0.0331283,over_ai,0.0242984,over_ai,0.0294046,countIP,2.72639e+09,countIP0,2.77534e+09,keysum,2.63306e+09,pktSum,4.10187e+09,aggrSum,8.36934e+07,blackkey_num,0,feedback,66,feedsumportion,0.955747,finger0,10,finger,14,time,11,runtime,24.0001
line,409297,total,0.0353241,total0,0.0541989,false,0.0636138,over,0.0353241,false0,0.0976047,over0,0.0541989,overaggr,0.0316479,overcuckoo,0.00367618,over_ai,0.060113,over_ai,0.0357185,over_ai,0.0158931,over_ai,0.0292967,over_ai,0.0589106,over_ai,0.0332419,over_ai,0.0239452,over_ai,0.0294002,countIP,2.84287e+09,countIP0,2.8947e+09,keysum,2.74587e+09,pktSum,4.27063e+09,aggrSum,8.69012e+07,blackkey_num,0,feedback,65,feedsumportion,0.9334,finger0,10,finger,14,time,6,runtime,25.0001
line,425592,total,0.0359537,total0,0.0544233,false,0.064558,over,0.0359537,false0,0.0977217,over0,0.0544233,overaggr,0.032265,overcuckoo,0.00368872,over_ai,0.0724272,over_ai,0.0328886,over_ai,0.0691165,over_ai,0.0275752,over_ai,0.0593915,over_ai,0.0332295,over_ai,0.0255036,over_ai,0.0293317,countIP,2.96034e+09,countIP0,3.01312e+09,keysum,2.8576e+09,pktSum,4.44906e+09,aggrSum,9.22036e+07,blackkey_num,0,feedback,62,feedsumportion,0.919011,finger0,10,finger,14,time,6,runtime,26.0001
line,441773,total,0.0362684,total0,0.0556849,false,0.0648371,over,0.0362684,false0,0.099548,over0,0.0556849,overaggr,0.0325833,overcuckoo,0.00368512,over_ai,0.0735314,over_ai,0.0353399,over_ai,0.0393364,over_ai,0.0267295,over_ai,0.0599127,over_ai,0.0332997,over_ai,0.0259876,over_ai,0.0292409,countIP,3.07062e+09,countIP0,3.12815e+09,keysum,2.96315e+09,pktSum,4.62067e+09,aggrSum,9.65505e+07,blackkey_num,0,feedback,66,feedsumportion,0.943665,finger0,10,finger,14,time,6,runtime,27.0001
line,458255,total,0.0362475,total0,0.0563675,false,0.0648889,over,0.0362475,false0,0.100907,over0,0.0563675,overaggr,0.0325373,overcuckoo,0.00371021,over_ai,0.0632199,over_ai,0.0469251,over_ai,0.0148173,over_ai,0.0289728,over_ai,0.0600256,over_ai,0.0337607,over_ai,0.0255845,over_ai,0.0292082,countIP,3.18724e+09,countIP0,3.24912e+09,keysum,3.07575e+09,pktSum,4.79389e+09,aggrSum,1.00089e+08,blackkey_num,0,feedback,63,feedsumportion,0.935637,finger0,10,finger,14,time,6,runtime,28.0001
line,474372,total,0.036478,total0,0.057738,false,0.0652058,over,0.036478,false0,0.103209,over0,0.057738,overaggr,0.0327222,overcuckoo,0.00375576,over_ai,0.0925638,over_ai,0.0464482,over_ai,0.0164262,over_ai,0.0248077,over_ai,0.0611668,over_ai,0.0341984,over_ai,0.025291,over_ai,0.0290193,countIP,3.30516e+09,countIP0,3.37296e+09,keysum,3.18884e+09,pktSum,4.97277e+09,aggrSum,1.04369e+08,blackkey_num,0,feedback,63,feedsumportion,0.924894,finger0,10,finger,14,time,6,runtime,29.0001
line,490383,total,0.036776,total0,0.0587384,false,0.0652643,over,0.036776,false0,0.10424,over0,0.0587384,overaggr,0.0329877,overcuckoo,0.00378832,over_ai,0.0955243,over_ai,0.0585654,over_ai,0.0146855,over_ai,0.0362282,over_ai,0.06215,over_ai,0.0349779,over_ai,0.0249447,over_ai,0.0292627,countIP,3.41662e+09,countIP0,3.489e+09,keysum,3.29543e+09,pktSum,5.15238e+09,aggrSum,1.08713e+08,blackkey_num,0,feedback,60,feedsumportion,0.93627,finger0,10,finger,14,time,6,runtime,30.0001
line,506427,total,0.0368805,total0,0.0596619,false,0.0652527,over,0.0368805,false0,0.10556,over0,0.0596619,overaggr,0.0330746,overcuckoo,0.00380587,over_ai,0.0461652,over_ai,0.0814437,over_ai,0.0139126,over_ai,0.0374947,over_ai,0.0616489,over_ai,0.0362992,over_ai,0.0246014,over_ai,0.0295573,countIP,3.52761e+09,countIP0,3.60512e+09,keysum,3.40214e+09,pktSum,5.32501e+09,aggrSum,1.12524e+08,blackkey_num,0,feedback,60,feedsumportion,0.941432,finger0,10,finger,14,time,6,runtime,31.0001
line,522486,total,0.0368232,total0,0.0598368,false,0.0648207,over,0.0368232,false0,0.105332,over0,0.0598368,overaggr,0.0330346,overcuckoo,0.00378864,over_ai,0.0498699,over_ai,0.07311,over_ai,0.0102978,over_ai,0.0229297,over_ai,0.061289,over_ai,0.037242,over_ai,0.0241767,over_ai,0.0293482,countIP,3.63379e+09,countIP0,3.71445e+09,keysum,3.50474e+09,pktSum,5.4957e+09,aggrSum,1.15778e+08,blackkey_num,0,feedback,65,feedsumportion,0.938858,finger0,10,finger,14,time,6,runtime,32.0001
line,538755,total,0.0364999,total0,0.0596816,false,0.0643549,over,0.0364999,false0,0.105228,over0,0.0596816,overaggr,0.0328023,overcuckoo,0.0036976,over_ai,0.0346649,over_ai,0.0618158,over_ai,0.0106416,over_ai,0.0258537,over_ai,0.0604743,over_ai,0.037898,over_ai,0.0235772,over_ai,0.0292402,countIP,3.75641e+09,countIP0,3.84042e+09,keysum,3.62413e+09,pktSum,5.67961e+09,aggrSum,1.18882e+08,blackkey_num,0,feedback,58,feedsumportion,0.92298,finger0,10,finger,14,time,7,runtime,33.0001
line,554980,total,0.0363885,total0,0.0595566,false,0.0640874,over,0.0363885,false0,0.104891,over0,0.0595566,overaggr,0.0327763,overcuckoo,0.0036122,over_ai,0.0382279,over_ai,0.0700346,over_ai,0.0109197,over_ai,0.0312281,over_ai,0.0598202,over_ai,0.0387302,over_ai,0.0231815,over_ai,0.0292982,countIP,3.86962e+09,countIP0,3.95612e+09,keysum,3.73375e+09,pktSum,5.85376e+09,aggrSum,1.2238e+08,blackkey_num,0,feedback,59,feedsumportion,0.919171,finger0,10,finger,14,time,6,runtime,34.0001
line,571348,total,0.0363978,total0,0.0594872,false,0.0641484,over,0.0363978,false0,0.104842,over0,0.0594872,overaggr,0.0327508,overcuckoo,0.00364699,over_ai,0.0549813,over_ai,0.0820839,over_ai,0.0109358,over_ai,0.0236116,over_ai,0.0597041,over_ai,0.039862,over_ai,0.0227919,over_ai,0.0291205,countIP,3.98323e+09,countIP0,4.07197e+09,keysum,3.84334e+09,pktSum,6.02405e+09,aggrSum,1.25872e+08,blackkey_num,0,feedback,60,feedsumportion,0.92124,finger0,10,finger,14,time,6,runtime,35.0001
line,587279,total,0.0363938,total0,0.0594799,false,0.0642746,over,0.0363938,false0,0.105047,over0,0.0594799,overaggr,0.0326724,overcuckoo,0.00372141,over_ai,0.0551636,over_ai,0.0902978,over_ai,0.00924113,over_ai,0.0252126,over_ai,0.0595839,over_ai,0.041082,over_ai,0.0223021,over_ai,0.0290141,countIP,4.10434e+09,countIP0,4.19577e+09,keysum,3.96022e+09,pktSum,6.20258e+09,aggrSum,1.2939e+08,blackkey_num,0,feedback,61,feedsumportion,0.931181,finger0,10,finger,14,time,6,runtime,36.0001
line,603692,total,0.0363838,total0,0.0593885,false,0.0643619,over,0.0363838,false0,0.105056,over0,0.0593885,overaggr,0.0326687,overcuckoo,0.00371518,over_ai,0.0538484,over_ai,0.0655281,over_ai,0.0113384,over_ai,0.0301526,over_ai,0.0594378,over_ai,0.0417256,over_ai,0.0219989,over_ai,0.0290466,countIP,4.21737e+09,countIP0,4.31098e+09,keysum,4.06931e+09,pktSum,6.3697e+09,aggrSum,1.32939e+08,blackkey_num,0,feedback,59,feedsumportion,0.936154,finger0,10,finger,14,time,6,runtime,37.0001
line,620140,total,0.0364868,total0,0.0591729,false,0.0646136,over,0.0364868,false0,0.104788,over0,0.0591729,overaggr,0.032775,overcuckoo,0.00371177,over_ai,0.0752138,over_ai,0.0719276,over_ai,0.0126653,over_ai,0.0271278,over_ai,0.0598494,over_ai,0.0424566,over_ai,0.0216639,over_ai,0.028999,countIP,4.33486e+09,countIP0,4.42974e+09,keysum,4.18226e+09,pktSum,6.54395e+09,aggrSum,1.37074e+08,blackkey_num,0,feedback,61,feedsumportion,0.928329,finger0,10,finger,14,time,5,runtime,38.0001
line,636462,total,0.0365145,total0,0.0591503,false,0.0646724,over,0.0365145,false0,0.104763,over0,0.0591503,overaggr,0.032801,overcuckoo,0.0037135,over_ai,0.0543404,over_ai,0.0750831,over_ai,0.0114537,over_ai,0.0283519,over_ai,0.0597072,over_ai,0.0432353,over_ai,0.0213926,over_ai,0.0289798,countIP,4.44949e+09,countIP0,4.54666e+09,keysum,4.29275e+09,pktSum,6.71647e+09,aggrSum,1.41002e+08,blackkey_num,0,feedback,65,feedsumportion,0.938668,finger0,10,finger,14,time,6,runtime,39.0001
line,652839,total,0.0367094,total0,0.0592181,false,0.064934,over,0.0367094,false0,0.104749,over0,0.0592181,overaggr,0.0329811,overcuckoo,0.0037283,over_ai,0.0560848,over_ai,0.0740209,over_ai,0.0159664,over_ai,0.0404711,over_ai,0.0597992,over_ai,0.0440047,over_ai,0.0212595,over_ai,0.0292533,countIP,4.55993e+09,countIP0,4.65893e+09,keysum,4.39846e+09,pktSum,6.88506e+09,aggrSum,1.45066e+08,blackkey_num,0,feedback,59,feedsumportion,0.931138,finger0,10,finger,14,time,6,runtime,40.0001
line,669333,total,0.0365775,total0,0.0592406,false,0.0647768,over,0.0365775,false0,0.104912,over0,0.0592406,overaggr,0.0328421,overcuckoo,0.00373541,over_ai,0.0374498,over_ai,0.0534544,over_ai,0.0122813,over_ai,0.0350386,over_ai,0.059213,over_ai,0.0442372,over_ai,0.0210417,over_ai,0.0294099,countIP,4.67643e+09,countIP0,4.77867e+09,keysum,4.51142e+09,pktSum,7.05888e+09,aggrSum,1.4817e+08,blackkey_num,0,feedback,65,feedsumportion,0.927921,finger0,10,finger,14,time,6,runtime,41.0001
line,685599,total,0.0365898,total0,0.0591379,false,0.0647679,over,0.0365898,false0,0.104681,over0,0.0591379,overaggr,0.0328521,overcuckoo,0.00373764,over_ai,0.0487344,over_ai,0.0643427,over_ai,0.0141371,over_ai,0.0345417,over_ai,0.0589578,over_ai,0.0446854,over_ai,0.0208892,over_ai,0.0295533,countIP,4.7883e+09,countIP0,4.89246e+09,keysum,4.61928e+09,pktSum,7.22889e+09,aggrSum,1.51755e+08,blackkey_num,0,feedback,62,feedsumportion,0.92015,finger0,10,finger,14,time,6,runtime,42.0001
line,701732,total,0.0366991,total0,0.0592889,false,0.064787,over,0.0366991,false0,0.104666,over0,0.0592889,overaggr,0.032956,overcuckoo,0.00374309,over_ai,0.0594601,over_ai,0.0604506,over_ai,0.0205894,over_ai,0.0314451,over_ai,0.0589676,over_ai,0.045043,over_ai,0.0208777,over_ai,0.0295981,countIP,4.89384e+09,countIP0,5.00048e+09,keysum,4.7206e+09,pktSum,7.39462e+09,aggrSum,1.55574e+08,blackkey_num,0,feedback,64,feedsumportion,0.933489,finger0,10,finger,14,time,6,runtime,43.0001
line,717817,total,0.0366553,total0,0.0593424,false,0.064708,over,0.0366553,false0,0.104758,over0,0.0593424,overaggr,0.0329101,overcuckoo,0.0037452,over_ai,0.0558248,over_ai,0.0631381,over_ai,0.0155307,over_ai,0.0219339,over_ai,0.0588993,over_ai,0.0454263,over_ai,0.0206915,over_ai,0.0293856,countIP,5.0088e+09,countIP0,5.11842e+09,keysum,4.83169e+09,pktSum,7.56872e+09,aggrSum,1.59012e+08,blackkey_num,0,feedback,61,feedsumportion,0.931079,finger0,10,finger,14,time,6,runtime,44.0001
line,734228,total,0.036587,total0,0.0591944,false,0.0645633,over,0.036587,false0,0.104458,over0,0.0591944,overaggr,0.0328418,overcuckoo,0.00374522,over_ai,0.0636112,over_ai,0.0384378,over_ai,0.0146886,over_ai,0.0315944,over_ai,0.0590056,over_ai,0.0452739,over_ai,0.0205122,over_ai,0.0294372,countIP,5.12335e+09,countIP0,5.23509e+09,keysum,4.94252e+09,pktSum,7.74337e+09,aggrSum,1.62321e+08,blackkey_num,0,feedback,62,feedsumportion,0.930662,finger0,10,finger,14,time,6,runtime,45.0001
line,750573,total,0.0366572,total0,0.0593527,false,0.0647021,over,0.0366572,false0,0.104761,over0,0.0593527,overaggr,0.0329049,overcuckoo,0.00375229,over_ai,0.0660934,over_ai,0.0373557,over_ai,0.0238614,over_ai,0.0324087,over_ai,0.0591792,over_ai,0.0451211,over_ai,0.0205713,over_ai,0.0295107,countIP,5.23306e+09,countIP0,5.34763e+09,keysum,5.04802e+09,pktSum,7.90798e+09,aggrSum,1.66105e+08,blackkey_num,0,feedback,62,feedsumportion,0.919721,finger0,10,finger,14,time,6,runtime,46.0001
line,766618,total,0.0366808,total0,0.0595544,false,0.064658,over,0.0366808,false0,0.104978,over0,0.0595544,overaggr,0.0329515,overcuckoo,0.00372931,over_ai,0.0876054,over_ai,0.0328886,over_ai,0.0199705,over_ai,0.022199,over_ai,0.0597827,over_ai,0.0448904,over_ai,0.0205013,over_ai,0.029362,countIP,5.34781e+09,countIP0,5.46581e+09,keysum,5.15859e+09,pktSum,8.08509e+09,aggrSum,1.69983e+08,blackkey_num,0,feedback,62,feedsumportion,0.921472,finger0,10,finger,14,time,7,runtime,47.0001
line,782813,total,0.0366423,total0,0.0596138,false,0.0645663,over,0.0366423,false0,0.105044,over0,0.0596138,overaggr,0.0329271,overcuckoo,0.00371524,over_ai,0.0775607,over_ai,0.0294162,over_ai,0.0138313,over_ai,0.0231988,over_ai,0.0601631,over_ai,0.0445963,over_ai,0.02037,over_ai,0.0292355,countIP,5.45687e+09,countIP0,5.57779e+09,keysum,5.26398e+09,pktSum,8.25137e+09,aggrSum,1.73328e+08,blackkey_num,0,feedback,62,feedsumportion,0.924321,finger0,10,finger,14,time,6,runtime,48.0001
line,799039,total,0.0369403,total0,0.0597457,false,0.0650052,over,0.0369403,false0,0.105137,over0,0.0597457,overaggr,0.0329615,overcuckoo,0.00397886,over_ai,0.0791796,over_ai,0.104179,over_ai,0.0151496,over_ai,0.0227309,over_ai,0.0605658,over_ai,0.0457176,over_ai,0.0202731,over_ai,0.0291041,countIP,5.56691e+09,countIP0,5.68934e+09,keysum,5.36859e+09,pktSum,8.41939e+09,aggrSum,1.76957e+08,blackkey_num,0,feedback,60,feedsumportion,0.925822,finger0,10,finger,14,time,6,runtime,49.0001
line,815645,total,0.0368175,total0,0.0597323,false,0.0647543,over,0.0368175,false0,0.105057,over0,0.0597323,overaggr,0.0328514,overcuckoo,0.00396602,over_ai,0.0546705,over_ai,0.0323794,over_ai,0.01908,over_ai,0.0195652,over_ai,0.0604449,over_ai,0.0454627,over_ai,0.0202522,over_ai,0.0288588,countIP,5.67879e+09,countIP0,5.8043e+09,keysum,5.47714e+09,pktSum,8.59129e+09,aggrSum,1.79932e+08,blackkey_num,0,feedback,61,feedsumportion,0.950919,finger0,10,finger,14,time,7,runtime,50.0001
line,832269,total,0.0368887,total0,0.0597835,false,0.0647949,over,0.0368887,false0,0.105009,over0,0.0597835,overaggr,0.0329055,overcuckoo,0.00398329,over_ai,0.0415147,over_ai,0.0381749,over_ai,0.028599,over_ai,0.0638775,over_ai,0.0600674,over_ai,0.0453309,over_ai,0.020319,over_ai,0.0297846,countIP,5.79395e+09,countIP0,5.92188e+09,keysum,5.58782e+09,pktSum,8.76905e+09,aggrSum,1.83877e+08,blackkey_num,0,feedback,63,feedsumportion,0.906068,finger0,10,finger,14,time,5,runtime,51.0001
line,848833,total,0.0369785,total0,0.0596911,false,0.0650598,over,0.0369785,false0,0.10502,over0,0.0596911,overaggr,0.0330398,overcuckoo,0.0039387,over_ai,0.0696051,over_ai,0.0323538,over_ai,0.0166853,over_ai,0.0653609,over_ai,0.0602598,over_ai,0.0450699,over_ai,0.0202069,over_ai,0.0306507,countIP,5.91977e+09,countIP0,6.04943e+09,keysum,5.70867e+09,pktSum,8.95335e+09,aggrSum,1.88614e+08,blackkey_num,0,feedback,62,feedsumportion,0.93754,finger0,10,finger,14,time,6,runtime,52.0001
line,865784,total,0.0369635,total0,0.0596208,false,0.0650411,over,0.0369635,false0,0.104909,over0,0.0596208,overaggr,0.0330604,overcuckoo,0.00390316,over_ai,0.0817888,over_ai,0.0283775,over_ai,0.0196607,over_ai,0.0202193,over_ai,0.0606574,over_ai,0.044752,over_ai,0.02018,over_ai,0.0304013,countIP,6.03203e+09,countIP0,6.16383e+09,keysum,5.81702e+09,pktSum,9.12289e+09,aggrSum,1.92313e+08,blackkey_num,0,feedback,64,feedsumportion,0.936636,finger0,10,finger,14,time,7,runtime,53.0002
line,882464,total,0.0368922,total0,0.0593994,false,0.0650324,over,0.0368922,false0,0.104707,over0,0.0593994,overaggr,0.0330225,overcuckoo,0.00386974,over_ai,0.0838477,over_ai,0.0270289,over_ai,0.0161168,over_ai,0.0237537,over_ai,0.0610923,over_ai,0.0443928,over_ai,0.0200364,over_ai,0.0302275,countIP,6.15755e+09,countIP0,6.29121e+09,keysum,5.93847e+09,pktSum,9.3073e+09,aggrSum,1.96103e+08,blackkey_num,0,feedback,67,feedsumportion,0.917838,finger0,10,finger,14,time,6,runtime,54.0002
line,899174,total,0.0369046,total0,0.0591276,false,0.0650253,over,0.0369046,false0,0.104182,over0,0.0591276,overaggr,0.0330627,overcuckoo,0.00384191,over_ai,0.0823803,over_ai,0.0279268,over_ai,0.0222437,over_ai,0.0236264,over_ai,0.0614787,over_ai,0.0440881,over_ai,0.0200704,over_ai,0.0300715,countIP,6.27417e+09,countIP0,6.40863e+09,keysum,6.05086e+09,pktSum,9.48499e+09,aggrSum,2.00058e+08,blackkey_num,0,feedback,67,feedsumportion,0.910592,finger0,10,finger,14,time,6,runtime,55.0002
line,915879,total,0.0368681,total0,0.059366,false,0.0648488,over,0.0368681,false0,0.104421,over0,0.059366,overaggr,0.0330502,overcuckoo,0.00381796,over_ai,0.0558788,over_ai,0.0261456,over_ai,0.0350637,over_ai,0.0225246,over_ai,0.0613795,over_ai,0.0437502,over_ai,0.0202558,over_ai,0.0299117,countIP,6.38242e+09,countIP0,6.52091e+09,keysum,6.15548e+09,pktSum,9.65502e+09,aggrSum,2.0344e+08,blackkey_num,0,feedback,64,feedsumportion,0.922619,finger0,10,finger,14,time,6,runtime,56.0002
line,932529,total,0.0367969,total0,0.0595858,false,0.064663,over,0.0367969,false0,0.10471,over0,0.0595858,overaggr,0.0330104,overcuckoo,0.00378653,over_ai,0.0497829,over_ai,0.0270756,over_ai,0.025461,over_ai,0.0390357,over_ai,0.0611414,over_ai,0.0434787,over_ai,0.0202868,over_ai,0.0300613,countIP,6.50161e+09,countIP0,6.64452e+09,keysum,6.27086e+09,pktSum,9.83934e+09,aggrSum,2.07004e+08,blackkey_num,0,feedback,66,feedsumportion,0.904003,finger0,10,finger,14,time,6,runtime,57.0002
line,948921,total,0.0370107,total0,0.060119,false,0.0648629,over,0.0370107,false0,0.105361,over0,0.060119,overaggr,0.0332464,overcuckoo,0.00376433,over_ai,0.0566994,over_ai,0.0284557,over_ai,0.069035,over_ai,0.0335699,over_ai,0.0610505,over_ai,0.0432304,over_ai,0.0209454,over_ai,0.0301194,countIP,6.6118e+09,countIP0,6.75913e+09,keysum,6.37583e+09,pktSum,1.00139e+10,aggrSum,2.11973e+08,blackkey_num,0,feedback,64,feedsumportion,0.90973,finger0,10,finger,14,time,6,runtime,58.0002
line,965264,total,0.0375268,total0,0.0602361,false,0.0657152,over,0.0375268,false0,0.105483,over0,0.0602361,overaggr,0.0335904,overcuckoo,0.00393645,over_ai,0.0457824,over_ai,0.0806953,over_ai,0.107325,over_ai,0.0313147,over_ai,0.0607676,over_ai,0.0438513,over_ai,0.0221388,over_ai,0.0301371,countIP,6.73065e+09,countIP0,6.87797e+09,keysum,6.4872e+09,pktSum,1.01917e+10,aggrSum,2.17908e+08,blackkey_num,0,feedback,71,feedsumportion,0.934193,finger0,10,finger,14,time,7,runtime,59.0002
line,981934,total,0.0379447,total0,0.0601775,false,0.0663947,over,0.0379447,false0,0.105297,over0,0.0601775,overaggr,0.033908,overcuckoo,0.00403669,over_ai,0.0600263,over_ai,0.0750057,over_ai,0.0835619,over_ai,0.0308037,over_ai,0.0607551,over_ai,0.044369,over_ai,0.0229648,over_ai,0.0301474,countIP,6.84734e+09,countIP0,6.99401e+09,keysum,6.59702e+09,pktSum,1.03672e+10,aggrSum,2.23693e+08,blackkey_num,0,feedback,69,feedsumportion,0.952812,finger0,10,finger,14,time,7,runtime,60.0002
line,998552,total,0.0377769,total0,0.0599441,false,0.0662341,over,0.0377769,false0,0.1051,over0,0.0599441,overaggr,0.033762,overcuckoo,0.00401491,over_ai,0.0570157,over_ai,0.0372179,over_ai,0.0168467,over_ai,0.0219423,over_ai,0.060697,over_ai,0.044223,over_ai,0.0227962,over_ai,0.029986,countIP,6.97289e+09,countIP0,7.12183e+09,keysum,6.71906e+09,pktSum,1.05513e+10,aggrSum,2.26849e+08,blackkey_num,0,feedback,67,feedsumportion,0.946016,finger0,10,finger,14,time,6,runtime,61.0002
line,1014950,total,0.0379486,total0,0.0598791,false,0.0664494,over,0.0379486,false0,0.104851,over0,0.0598791,overaggr,0.0339007,overcuckoo,0.00404792,over_ai,0.0527423,over_ai,0.0490759,over_ai,0.0665158,over_ai,0.0207423,over_ai,0.0605857,over_ai,0.0443023,over_ai,0.0233724,over_ai,0.0298197,countIP,7.08024e+09,countIP0,7.22984e+09,keysum,6.82138e+09,pktSum,1.0717e+10,aggrSum,2.31257e+08,blackkey_num,0,feedback,65,feedsumportion,0.896057,finger0,10,finger,14,time,6,runtime,62.0002
line,1031248,total,0.0380946,total0,0.0597026,false,0.0667583,over,0.0380946,false0,0.104625,over0,0.0597026,overaggr,0.0338301,overcuckoo,0.00426444,over_ai,0.0531822,over_ai,0.110808,over_ai,0.0278647,over_ai,0.024754,over_ai,0.0604645,over_ai,0.0452473,over_ai,0.0233728,over_ai,0.0297317,countIP,7.20356e+09,countIP0,7.3535e+09,keysum,6.93921e+09,pktSum,1.0899e+10,aggrSum,2.34754e+08,blackkey_num,0,feedback,66,feedsumportion,0.937924,finger0,10,finger,14,time,6,runtime,63.0002
line,1047515,total,0.0380333,total0,0.0596638,false,0.0666083,over,0.0380333,false0,0.10449,over0,0.0596638,overaggr,0.0337123,overcuckoo,0.00432101,over_ai,0.0450153,over_ai,0.0585233,over_ai,0.012859,over_ai,0.0316949,over_ai,0.0601982,over_ai,0.0454434,over_ai,0.0232115,over_ai,0.0297605,countIP,7.31601e+09,countIP0,7.46846e+09,keysum,7.04795e+09,pktSum,1.10723e+10,aggrSum,2.37607e+08,blackkey_num,0,feedback,63,feedsumportion,0.937608,finger0,10,finger,14,time,7,runtime,64.0002
line,1064124,total,0.0378543,total0,0.0596243,false,0.0663144,over,0.0378543,false0,0.104452,over0,0.0596243,overaggr,0.0335562,overcuckoo,0.00429809,over_ai,0.0480383,over_ai,0.0331759,over_ai,0.0118394,over_ai,0.0219427,over_ai,0.0600114,over_ai,0.0452593,over_ai,0.0230325,over_ai,0.029626,countIP,7.43136e+09,countIP0,7.58724e+09,keysum,7.16031e+09,pktSum,1.12476e+10,aggrSum,2.40278e+08,blackkey_num,0,feedback,63,feedsumportion,0.9099,finger0,10,finger,14,time,6,runtime,65.0002
line,1080155,total,0.0378084,total0,0.0596112,false,0.0661718,over,0.0378084,false0,0.104331,over0,0.0596112,overaggr,0.033468,overcuckoo,0.00434042,over_ai,0.0399245,over_ai,0.0481387,over_ai,0.0225671,over_ai,0.0266514,over_ai,0.0597041,over_ai,0.0453044,over_ai,0.0230271,over_ai,0.0295794,countIP,7.53375e+09,countIP0,7.69203e+09,keysum,7.25929e+09,pktSum,1.1407e+10,aggrSum,2.42961e+08,blackkey_num,0,feedback,66,feedsumportion,0.896175,finger0,10,finger,14,time,6,runtime,66.0002
line,1095732,total,0.037577,total0,0.0597998,false,0.0658109,over,0.037577,false0,0.104731,over0,0.0597998,overaggr,0.033255,overcuckoo,0.00432203,over_ai,0.0330705,over_ai,0.0303511,over_ai,0.0155262,over_ai,0.0220193,over_ai,0.0591953,over_ai,0.0450939,over_ai,0.0228539,over_ai,0.029466,countIP,7.65428e+09,countIP0,7.81821e+09,keysum,7.37707e+09,pktSum,1.15893e+10,aggrSum,2.45327e+08,blackkey_num,0,feedback,63,feedsumportion,0.918594,finger0,10,finger,14,time,6,runtime,67.0002
line,1111624,total,0.037475,total0,0.0600441,false,0.0656295,over,0.037475,false0,0.105155,over0,0.0600441,overaggr,0.0331652,overcuckoo,0.00430974,over_ai,0.0429959,over_ai,0.0373336,over_ai,0.0178221,over_ai,0.0324118,over_ai,0.0588842,over_ai,0.0449862,over_ai,0.0227395,over_ai,0.0295057,countIP,7.76875e+09,countIP0,7.93775e+09,keysum,7.48813e+09,pktSum,1.17639e+10,aggrSum,2.48345e+08,blackkey_num,0,feedback,58,feedsumportion,0.907982,finger0,10,finger,14,time,6,runtime,68.0002
line,1127846,total,0.0373923,total0,0.0598787,false,0.0654464,over,0.0373923,false0,0.104804,over0,0.0598786,overaggr,0.0330949,overcuckoo,0.00429733,over_ai,0.0560389,over_ai,0.0486364,over_ai,0.0123361,over_ai,0.0228248,over_ai,0.0588381,over_ai,0.0450315,over_ai,0.0225542,over_ai,0.0294062,countIP,7.88367e+09,countIP0,8.05456e+09,keysum,7.59951e+09,pktSum,1.19414e+10,aggrSum,2.51506e+08,blackkey_num,0,feedback,62,feedsumportion,0.913849,finger0,10,finger,14,time,6,runtime,69.0002
line,1144093,total,0.0373382,total0,0.059866,false,0.0652695,over,0.0373382,false0,0.10465,over0,0.059866,overaggr,0.0330437,overcuckoo,0.00429449,over_ai,0.0545456,over_ai,0.0452221,over_ai,0.0141568,over_ai,0.0320373,over_ai,0.0587764,over_ai,0.0450332,over_ai,0.0224313,over_ai,0.0294419,countIP,7.99272e+09,countIP0,8.1663e+09,keysum,7.70503e+09,pktSum,1.21128e+10,aggrSum,2.54603e+08,blackkey_num,0,feedback,62,feedsumportion,0.92051,finger0,10,finger,14,time,6,runtime,70.0002
line,1160470,total,0.0373668,total0,0.0600494,false,0.0651133,over,0.0373668,false0,0.104639,over0,0.0600494,overaggr,0.0330711,overcuckoo,0.00429571,over_ai,0.0606603,over_ai,0.0483098,over_ai,0.0145373,over_ai,0.0418951,over_ai,0.0588024,over_ai,0.0450762,over_ai,0.0223476,over_ai,0.0296043,countIP,8.09095e+09,countIP0,8.26786e+09,keysum,7.79951e+09,pktSum,1.22754e+10,aggrSum,2.57938e+08,blackkey_num,0,feedback,61,feedsumportion,0.924043,finger0,10,finger,14,time,6,runtime,71.0002
line,1176703,total,0.0372942,total0,0.0600196,false,0.0649232,over,0.0372942,false0,0.104485,over0,0.0600196,overaggr,0.0329942,overcuckoo,0.00429995,over_ai,0.0443906,over_ai,0.0389396,over_ai,0.0173649,over_ai,0.0431517,over_ai,0.0585849,over_ai,0.0449989,over_ai,0.0222417,over_ai,0.0297567,countIP,8.20115e+09,countIP0,8.38082e+09,keysum,7.90629e+09,pktSum,1.24479e+10,aggrSum,2.60862e+08,blackkey_num,0,feedback,65,feedsumportion,0.916614,finger0,10,finger,14,time,11,runtime,72.0002
line,1192775,total,0.037235,total0,0.0602438,false,0.064629,over,0.037235,false0,0.104565,over0,0.0602438,overaggr,0.0329388,overcuckoo,0.00429622,over_ai,0.0497059,over_ai,0.0357045,over_ai,0.011636,over_ai,0.048011,over_ai,0.0584634,over_ai,0.0448856,over_ai,0.0221065,over_ai,0.0299557,countIP,8.30382e+09,countIP0,8.48803e+09,keysum,8.00573e+09,pktSum,1.26181e+10,aggrSum,2.63701e+08,blackkey_num,0,feedback,66,feedsumportion,0.92396,finger0,10,finger,14,time,6,runtime,73.0002
line,1209027,total,0.0372245,total0,0.060212,false,0.0644775,over,0.0372245,false0,0.104295,over0,0.060212,overaggr,0.0329371,overcuckoo,0.0042874,over_ai,0.0580307,over_ai,0.0407934,over_ai,0.0202356,over_ai,0.0403289,over_ai,0.0584588,over_ai,0.0448337,over_ai,0.0220746,over_ai,0.0300896,countIP,8.40897e+09,countIP0,8.59534e+09,keysum,8.10719e+09,pktSum,1.27877e+10,aggrSum,2.67027e+08,blackkey_num,0,feedback,64,feedsumportion,0.91453,finger0,10,finger,14,time,6,runtime,74.0002
line,1224937,total,0.0371305,total0,0.060439,false,0.06419,over,0.0371305,false0,0.104485,over0,0.060439,overaggr,0.0328551,overcuckoo,0.00427537,over_ai,0.0516069,over_ai,0.033829,over_ai,0.0135475,over_ai,0.0258212,over_ai,0.0583706,over_ai,0.044703,over_ai,0.021968,over_ai,0.0300405,countIP,8.51264e+09,countIP0,8.70395e+09,keysum,8.20788e+09,pktSum,1.29557e+10,aggrSum,2.69671e+08,blackkey_num,0,feedback,62,feedsumportion,0.916677,finger0,10,finger,14,time,6,runtime,75.0002
line,1240896,total,0.0371643,total0,0.0603385,false,0.0640603,over,0.0371643,false0,0.104006,over0,0.0603385,overaggr,0.0329014,overcuckoo,0.00426298,over_ai,0.0682331,over_ai,0.0338737,over_ai,0.0216543,over_ai,0.044353,over_ai,0.0584907,over_ai,0.0445814,over_ai,0.0219609,over_ai,0.0302093,countIP,8.61247e+09,countIP0,8.80491e+09,keysum,8.30387e+09,pktSum,1.31213e+10,aggrSum,2.73209e+08,blackkey_num,0,feedback,64,feedsumportion,0.902397,finger0,10,finger,14,time,6,runtime,76.0002
line,1256977,total,0.0371149,total0,0.0605091,false,0.0638186,over,0.0371149,false0,0.104045,over0,0.0605091,overaggr,0.0328703,overcuckoo,0.00424464,over_ai,0.0661238,over_ai,0.0372439,over_ai,0.0180343,over_ai,0.0276523,over_ai,0.0585733,over_ai,0.0444979,over_ai,0.0218736,over_ai,0.0301776,countIP,8.71671e+09,countIP0,8.91334e+09,keysum,8.40477e+09,pktSum,1.32927e+10,aggrSum,2.76268e+08,blackkey_num,0,feedback,64,feedsumportion,0.920563,finger0,10,finger,14,time,6,runtime,77.0002
line,1273123,total,0.0370604,total0,0.0605243,false,0.0636054,over,0.0370604,false0,0.103876,over0,0.0605243,overaggr,0.0328336,overcuckoo,0.00422683,over_ai,0.0652262,over_ai,0.024281,over_ai,0.0218932,over_ai,0.0221052,over_ai,0.058649,over_ai,0.044247,over_ai,0.021869,over_ai,0.0300731,countIP,8.82135e+09,countIP0,9.02093e+09,keysum,8.50611e+09,pktSum,1.34623e+10,aggrSum,2.7929e+08,blackkey_num,0,feedback,61,feedsumportion,0.909598,finger0,10,finger,14,time,6,runtime,78.0002
line,1289074,total,0.037025,total0,0.0604941,false,0.063464,over,0.037025,false0,0.103692,over0,0.0604941,overaggr,0.0328338,overcuckoo,0.00419119,over_ai,0.0696444,over_ai,0.0276046,over_ai,0.0152768,over_ai,0.0295612,over_ai,0.0587708,over_ai,0.0440764,over_ai,0.0217847,over_ai,0.0300669,countIP,8.92469e+09,countIP0,9.12667e+09,keysum,8.60605e+09,pktSum,1.36268e+10,aggrSum,2.8257e+08,blackkey_num,0,feedback,66,feedsumportion,0.904953,finger0,10,finger,14,time,6,runtime,79.0002
line,1305026,total,0.0369991,total0,0.0603542,false,0.0633798,over,0.0369991,false0,0.103387,over0,0.0603542,overaggr,0.0327988,overcuckoo,0.00420026,over_ai,0.0898922,over_ai,0.0401614,over_ai,0.0118552,over_ai,0.0279032,over_ai,0.0590895,over_ai,0.0440333,over_ai,0.0216071,over_ai,0.0300408,countIP,9.03698e+09,countIP0,9.2405e+09,keysum,8.71455e+09,pktSum,1.38018e+10,aggrSum,2.85828e+08,blackkey_num,0,feedback,66,feedsumportion,0.9149,finger0,10,finger,14,time,6,runtime,80.0002
line,1320983,total,0.0369995,total0,0.0602378,false,0.0633291,over,0.0369995,false0,0.103104,over0,0.0602378,overaggr,0.0328217,overcuckoo,0.00417771,over_ai,0.0843923,over_ai,0.0415378,over_ai,0.0152368,over_ai,0.0273883,over_ai,0.0593466,over_ai,0.044007,over_ai,0.0215156,over_ai,0.030012,countIP,9.14677e+09,countIP0,9.35174e+09,keysum,8.82042e+09,pktSum,1.39737e+10,aggrSum,2.89504e+08,blackkey_num,0,feedback,61,feedsumportion,0.932377,finger0,10,finger,14,time,6,runtime,81.0002
line,1337157,total,0.0370544,total0,0.0602216,false,0.0632767,over,0.0370544,false0,0.102839,over0,0.0602216,overaggr,0.0328944,overcuckoo,0.00415997,over_ai,0.081172,over_ai,0.0418558,over_ai,0.0189979,over_ai,0.0266172,over_ai,0.0596077,over_ai,0.0439829,over_ai,0.0214842,over_ai,0.0299782,countIP,9.24516e+09,countIP0,9.4517e+09,keysum,8.91483e+09,pktSum,1.41353e+10,aggrSum,2.93248e+08,blackkey_num,0,feedback,59,feedsumportion,0.91634,finger0,10,finger,14,time,6,runtime,82.0002
line,1353315,total,0.0370752,total0,0.0601225,false,0.06331,over,0.0370752,false0,0.102666,over0,0.0601225,overaggr,0.0329311,overcuckoo,0.00414401,over_ai,0.0936957,over_ai,0.0308166,over_ai,0.021412,over_ai,0.0219983,over_ai,0.0599744,over_ai,0.0438255,over_ai,0.0214376,over_ai,0.0298881,countIP,9.35444e+09,countIP0,9.56232e+09,keysum,9.02002e+09,pktSum,1.43023e+10,aggrSum,2.97039e+08,blackkey_num,0,feedback,62,feedsumportion,0.926878,finger0,10,finger,14,time,6,runtime,83.0002
line,1369442,total,0.0371392,total0,0.0599729,false,0.0635185,over,0.0371392,false0,0.102571,over0,0.0599729,overaggr,0.0330203,overcuckoo,0.00411888,over_ai,0.115586,over_ai,0.0190778,over_ai,0.0249606,over_ai,0.0471182,over_ai,0.0605478,over_ai,0.0433859,over_ai,0.0214309,over_ai,0.030054,countIP,9.47662e+09,countIP0,9.68526e+09,keysum,9.13727e+09,pktSum,1.44798e+10,aggrSum,3.01715e+08,blackkey_num,0,feedback,66,feedsumportion,0.929778,finger0,10,finger,14,time,6,runtime,84.0002
line,1385495,total,0.0371545,total0,0.0599649,false,0.0635496,over,0.0371545,false0,0.102565,over0,0.0599649,overaggr,0.0330507,overcuckoo,0.00410387,over_ai,0.0603292,over_ai,0.0236311,over_ai,0.0237525,over_ai,0.0673822,over_ai,0.0605449,over_ai,0.0430903,over_ai,0.0214545,over_ai,0.0304083,countIP,9.58863e+09,countIP0,9.79952e+09,keysum,9.24514e+09,pktSum,1.46503e+10,aggrSum,3.05558e+08,blackkey_num,0,feedback,66,feedsumportion,0.929902,finger0,10,finger,14,time,6,runtime,85.0002
line,1401729,total,0.0371571,total0,0.0599153,false,0.063547,over,0.0371571,false0,0.102469,over0,0.0599153,overaggr,0.033059,overcuckoo,0.0040981,over_ai,0.0630456,over_ai,0.0227185,over_ai,0.0295366,over_ai,0.0370726,over_ai,0.060575,over_ai,0.0428106,over_ai,0.0215226,over_ai,0.0304788,countIP,9.69627e+09,countIP0,9.90904e+09,keysum,9.3489e+09,pktSum,1.48154e+10,aggrSum,3.09066e+08,blackkey_num,0,feedback,60,feedsumportion,0.917682,finger0,10,finger,14,time,6,runtime,86.0002
line,1417673,total,0.0370409,total0,0.0601026,false,0.0633767,over,0.0370409,false0,0.102835,over0,0.0601026,overaggr,0.0329626,overcuckoo,0.00407832,over_ai,0.0391134,over_ai,0.0203916,over_ai,0.0305531,over_ai,0.0287203,over_ai,0.0603601,over_ai,0.0424648,over_ai,0.0215644,over_ai,0.0304574,countIP,9.80942e+09,countIP0,1.00276e+10,keysum,9.45905e+09,pktSum,1.49875e+10,aggrSum,3.11795e+08,blackkey_num,0,feedback,63,feedsumportion,0.922502,finger0,10,finger,14,time,6,runtime,87.0002
line,1433811,total,0.0369417,total0,0.0602898,false,0.0631652,over,0.0369417,false0,0.103087,over0,0.0602898,overaggr,0.0328848,overcuckoo,0.0040569,over_ai,0.0262469,over_ai,0.0245467,over_ai,0.0358659,over_ai,0.0284229,over_ai,0.0600099,over_ai,0.0422428,over_ai,0.021682,over_ai,0.0304399,countIP,9.91872e+09,countIP0,1.01421e+10,keysum,9.56536e+09,pktSum,1.51596e+10,aggrSum,3.14555e+08,blackkey_num,0,feedback,64,feedsumportion,0.896819,finger0,10,finger,14,time,6,runtime,88.0002
line,1449850,total,0.0368728,total0,0.0604862,false,0.0628911,over,0.0368728,false0,0.103167,over0,0.0604862,overaggr,0.0328299,overcuckoo,0.0040429,over_ai,0.025036,over_ai,0.0270448,over_ai,0.0389228,over_ai,0.0240017,over_ai,0.0596468,over_ai,0.0420655,over_ai,0.0218443,over_ai,0.030374,countIP,1.00185e+10,countIP0,1.02467e+10,keysum,9.66224e+09,pktSum,1.53272e+10,aggrSum,3.17211e+08,blackkey_num,0,feedback,65,feedsumportion,0.895055,finger0,10,finger,14,time,6,runtime,89.0002
line,1465929,total,0.0367907,total0,0.0607353,false,0.0626875,over,0.0367907,false0,0.103486,over0,0.0607353,overaggr,0.0327665,overcuckoo,0.00402426,over_ai,0.040969,over_ai,0.0286175,over_ai,0.0302825,over_ai,0.0234904,over_ai,0.0594803,over_ai,0.0419132,over_ai,0.0218943,over_ai,0.0303014,countIP,1.01258e+10,countIP0,1.03597e+10,keysum,9.76652e+09,pktSum,1.54984e+10,aggrSum,3.20015e+08,blackkey_num,0,feedback,65,feedsumportion,0.899756,finger0,10,finger,14,time,6,runtime,90.0002
line,1482009,total,0.0367146,total0,0.0607156,false,0.0625463,over,0.0367146,false0,0.103434,over0,0.0607156,overaggr,0.032706,overcuckoo,0.00400853,over_ai,0.0538243,over_ai,0.0269464,over_ai,0.0211501,over_ai,0.0189869,over_ai,0.0594154,over_ai,0.0417423,over_ai,0.0218829,over_ai,0.0301741,countIP,1.02383e+10,countIP0,1.04753e+10,keysum,9.87568e+09,pktSum,1.56727e+10,aggrSum,3.22994e+08,blackkey_num,0,feedback,66,feedsumportion,0.911751,finger0,10,finger,14,time,7,runtime,91.0002
line,1497766,total,0.0368126,total0,0.0609745,false,0.0626737,over,0.0368126,false0,0.10381,over0,0.0609745,overaggr,0.0327999,overcuckoo,0.00401267,over_ai,0.0325005,over_ai,0.0337079,over_ai,0.0717322,over_ai,0.0305429,over_ai,0.0591654,over_ai,0.0416447,over_ai,0.0223859,over_ai,0.0301788,countIP,1.03502e+10,countIP0,1.05914e+10,keysum,9.98275e+09,pktSum,1.58463e+10,aggrSum,3.27433e+08,blackkey_num,0,feedback,63,feedsumportion,0.919499,finger0,10,finger,14,time,6,runtime,92.0002
line,1513582,total,0.0369246,total0,0.0611645,false,0.0628775,over,0.0369246,false0,0.104155,over0,0.0611645,overaggr,0.0329221,overcuckoo,0.00400254,over_ai,0.0264572,over_ai,0.0277451,over_ai,0.0922195,over_ai,0.0371314,over_ai,0.0588406,over_ai,0.0414753,over_ai,0.0229807,over_ai,0.0302549,countIP,1.04655e+10,countIP0,1.07102e+10,keysum,1.00928e+10,pktSum,1.60198e+10,aggrSum,3.32279e+08,blackkey_num,0,feedback,58,feedsumportion,0.94015,finger0,10,finger,14,time,6,runtime,93.0002
line,1529735,total,0.0369441,total0,0.0612055,false,0.0629938,over,0.0369441,false0,0.104362,over0,0.0612055,overaggr,0.0329254,overcuckoo,0.00401865,over_ai,0.0185613,over_ai,0.0429436,over_ai,0.0698569,over_ai,0.0163297,over_ai,0.0584607,over_ai,0.041492,over_ai,0.0234079,over_ai,0.0300565,countIP,1.05886e+10,countIP0,1.08363e+10,keysum,1.02114e+10,pktSum,1.62e+10,aggrSum,3.36216e+08,blackkey_num,0,feedback,59,feedsumportion,0.944448,finger0,10,finger,14,time,6,runtime,94.0003
line,1545791,total,0.0367898,total0,0.0615022,false,0.0627555,over,0.0367898,false0,0.104909,over0,0.0615022,overaggr,0.0327707,overcuckoo,0.00401916,over_ai,0.0213396,over_ai,0.0428855,over_ai,0.0121407,over_ai,0.0186662,over_ai,0.0581256,over_ai,0.0415079,over_ai,0.0232906,over_ai,0.0299038,countIP,1.07033e+10,countIP0,1.09584e+10,keysum,1.03235e+10,pktSum,1.63756e+10,aggrSum,3.38312e+08,blackkey_num,0,feedback,67,feedsumportion,0.933284,finger0,10,finger,14,time,6,runtime,95.0003
line,1561611,total,0.03672,total0,0.0616715,false,0.0625766,over,0.03672,false0,0.105098,over0,0.0616715,overaggr,0.0327056,overcuckoo,0.00401444,over_ai,0.0160216,over_ai,0.0363823,over_ai,0.0462415,over_ai,0.0176519,over_ai,0.0576861,over_ai,0.0414538,over_ai,0.0234852,over_ai,0.0297414,countIP,1.08139e+10,countIP0,1.10742e+10,keysum,1.04309e+10,pktSum,1.65517e+10,aggrSum,3.41148e+08,blackkey_num,0,feedback,63,feedsumportion,0.868833,finger0,10,finger,14,time,6,runtime,96.0003
line,1577482,total,0.0366479,total0,0.0618241,false,0.0623507,over,0.0366479,false0,0.105184,over0,0.0618241,overaggr,0.0326368,overcuckoo,0.0040111,over_ai,0.0170029,over_ai,0.0380873,over_ai,0.0482861,over_ai,0.0236269,over_ai,0.0571915,over_ai,0.0414234,over_ai,0.0236307,over_ai,0.0296664,countIP,1.0925e+10,countIP0,1.11904e+10,keysum,1.05388e+10,pktSum,1.67332e+10,aggrSum,3.43953e+08,blackkey_num,0,feedback,64,feedsumportion,0.914104,finger0,10,finger,14,time,6,runtime,97.0003
line,1594092,total,0.0365411,total0,0.0619262,false,0.062161,over,0.0365411,false0,0.105344,over0,0.0619262,overaggr,0.0325262,overcuckoo,0.00401492,over_ai,0.0367356,over_ai,0.0412994,over_ai,0.0147544,over_ai,0.0259848,over_ai,0.056987,over_ai,0.041421,over_ai,0.0235069,over_ai,0.029627,countIP,1.10377e+10,countIP0,1.13081e+10,keysum,1.06486e+10,pktSum,1.69084e+10,aggrSum,3.4636e+08,blackkey_num,0,feedback,61,feedsumportion,0.901495,finger0,10,finger,14,time,6,runtime,98.0003
line,1610284,total,0.0364801,total0,0.0622346,false,0.0620016,over,0.0364801,false0,0.105774,over0,0.0622346,overaggr,0.0324572,overcuckoo,0.00402286,over_ai,0.0321859,over_ai,0.042909,over_ai,0.0153671,over_ai,0.0379544,over_ai,0.0567372,over_ai,0.0414357,over_ai,0.0234351,over_ai,0.0297176,countIP,1.11435e+10,countIP0,1.14204e+10,keysum,1.07513e+10,pktSum,1.70771e+10,aggrSum,3.48958e+08,blackkey_num,0,feedback,65,feedsumportion,0.899888,finger0,10,finger,14,time,6,runtime,99.0003
line,1626178,total,0.0363886,total0,0.0623488,false,0.0618196,over,0.0363886,false0,0.105923,over0,0.0623488,overaggr,0.0323649,overcuckoo,0.00402366,over_ai,0.0188239,over_ai,0.060545,over_ai,0.0145348,over_ai,0.0279736,over_ai,0.0563051,over_ai,0.0415954,over_ai,0.0233546,over_ai,0.0296974,countIP,1.12534e+10,countIP0,1.15352e+10,keysum,1.08582e+10,pktSum,1.72497e+10,aggrSum,3.51427e+08,blackkey_num,0,feedback,64,feedsumportion,0.885995,finger0,10,finger,14,time,6,runtime,100
line,1642237,total,0.0363299,total0,0.0622187,false,0.0616818,over,0.0363299,false0,0.105637,over0,0.0622187,overaggr,0.0323068,overcuckoo,0.00402307,over_ai,0.0198029,over_ai,0.0838906,over_ai,0.0187251,over_ai,0.0148689,over_ai,0.055954,over_ai,0.0419303,over_ai,0.0233126,over_ai,0.0295072,countIP,1.13591e+10,countIP0,1.16429e+10,keysum,1.09609e+10,pktSum,1.74167e+10,aggrSum,3.54112e+08,blackkey_num,0,feedback,62,feedsumportion,0.899422,finger0,10,finger,14,time,6,runtime,101
line,1658137,total,0.0364245,total0,0.0620749,false,0.0618767,over,0.0364245,false0,0.105451,over0,0.0620749,overaggr,0.0322064,overcuckoo,0.00421817,over_ai,0.0180349,over_ai,0.154442,over_ai,0.0189128,over_ai,0.0215252,over_ai,0.0555674,over_ai,0.0429948,over_ai,0.0232387,over_ai,0.0294149,countIP,1.14794e+10,countIP0,1.17635e+10,keysum,1.1076e+10,pktSum,1.7596e+10,aggrSum,3.56719e+08,blackkey_num,0,feedback,59,feedsumportion,0.908572,finger0,10,finger,14,time,6,runtime,102
line,1674263,total,0.0362916,total0,0.0620363,false,0.0616339,over,0.0362916,false0,0.105356,over0,0.0620363,overaggr,0.0320761,overcuckoo,0.00421549,over_ai,0.0205982,over_ai,0.0382175,over_ai,0.0165267,over_ai,0.0217518,over_ai,0.0552278,over_ai,0.0429543,over_ai,0.0231772,over_ai,0.0293135,countIP,1.15907e+10,countIP0,1.18786e+10,keysum,1.11847e+10,pktSum,1.77706e+10,aggrSum,3.58763e+08,blackkey_num,0,feedback,61,feedsumportion,0.943809,finger0,10,finger,14,time,6,runtime,103
line,1690495,total,0.0361864,total0,0.0623048,false,0.0613742,over,0.0361864,false0,0.105673,over0,0.0623048,overaggr,0.0319733,overcuckoo,0.00421308,over_ai,0.0270219,over_ai,0.0445604,over_ai,0.0164176,over_ai,0.0195756,over_ai,0.0550029,over_ai,0.0429669,over_ai,0.023115,over_ai,0.0291928,countIP,1.16952e+10,countIP0,1.199e+10,keysum,1.12868e+10,pktSum,1.79415e+10,aggrSum,3.60876e+08,blackkey_num,0,feedback,62,feedsumportion,0.87436,finger0,10,finger,14,time,6,runtime,104
line,1706632,total,0.0360518,total0,0.0623626,false,0.0610773,over,0.0360518,false0,0.105652,over0,0.0623626,overaggr,0.0318533,overcuckoo,0.00419851,over_ai,0.0229311,over_ai,0.0325684,over_ai,0.0163197,over_ai,0.0194476,over_ai,0.054737,over_ai,0.0428848,over_ai,0.0230504,over_ai,0.0290755,countIP,1.18016e+10,countIP0,1.21014e+10,keysum,1.1391e+10,pktSum,1.81147e+10,aggrSum,3.6284e+08,blackkey_num,0,feedback,64,feedsumportion,0.865305,finger0,10,finger,14,time,6,runtime,105
line,1722855,total,0.0359168,total0,0.0623413,false,0.0607744,over,0.0359168,false0,0.105487,over0,0.0623413,overaggr,0.0317393,overcuckoo,0.00417745,over_ai,0.0229492,over_ai,0.035099,over_ai,0.0143778,over_ai,0.0189466,over_ai,0.054442,over_ai,0.0428248,over_ai,0.0229714,over_ai,0.028958,countIP,1.19087e+10,countIP0,1.22125e+10,keysum,1.14958e+10,pktSum,1.82897e+10,aggrSum,3.64874e+08,blackkey_num,0,feedback,65,feedsumportion,0.873751,finger0,10,finger,14,time,6,runtime,106
line,1738750,total,0.0358263,total0,0.0625052,false,0.0604735,over,0.0358263,false0,0.105506,over0,0.0625052,overaggr,0.0316256,overcuckoo,0.00420075,over_ai,0.0233523,over_ai,0.0500956,over_ai,0.0184589,over_ai,0.0169601,over_ai,0.0542112,over_ai,0.042881,over_ai,0.0229302,over_ai,0.0288044,countIP,1.20104e+10,countIP0,1.23198e+10,keysum,1.1595e+10,pktSum,1.84643e+10,aggrSum,3.667e+08,blackkey_num,0,feedback,63,feedsumportion,0.873683,finger0,10,finger,14,time,6,runtime,107
line,1754900,total,0.0357312,total0,0.0624539,false,0.0602714,over,0.0357312,false0,0.105347,over0,0.0624539,overaggr,0.0315148,overcuckoo,0.00421638,over_ai,0.023356,over_ai,0.0479692,over_ai,0.0170521,over_ai,0.0213338,over_ai,0.0539583,over_ai,0.0429218,over_ai,0.0228609,over_ai,0.0287062,countIP,1.21181e+10,countIP0,1.24308e+10,keysum,1.17001e+10,pktSum,1.86363e+10,aggrSum,3.68727e+08,blackkey_num,0,feedback,63,feedsumportion,0.876497,finger0,10,finger,14,time,6,runtime,108
line,1771261,total,0.0356564,total0,0.0626171,false,0.0600586,over,0.0356564,false0,0.105471,over0,0.0626171,overaggr,0.0314369,overcuckoo,0.00421949,over_ai,0.0264077,over_ai,0.0420916,over_ai,0.0177785,over_ai,0.0234852,over_ai,0.0537141,over_ai,0.0429135,over_ai,0.0228086,over_ai,0.0286529,countIP,1.22167e+10,countIP0,1.25347e+10,keysum,1.17961e+10,pktSum,1.87994e+10,aggrSum,3.70833e+08,blackkey_num,0,feedback,62,feedsumportion,0.886277,finger0,10,finger,14,time,6,runtime,109
line,1787258,total,0.0355388,total0,0.0628133,false,0.0598372,over,0.0355388,false0,0.10576,over0,0.0628133,overaggr,0.0313158,overcuckoo,0.00422301,over_ai,0.0267753,over_ai,0.0319947,over_ai,0.0151321,over_ai,0.0246174,over_ai,0.053488,over_ai,0.0428011,over_ai,0.0227145,over_ai,0.0286145,countIP,1.2328e+10,countIP0,1.26527e+10,keysum,1.19049e+10,pktSum,1.89755e+10,aggrSum,3.72812e+08,blackkey_num,0,feedback,64,feedsumportion,0.886619,finger0,10,finger,14,time,6,runtime,110
line,1803403,total,0.0354728,total0,0.0630847,false,0.0597611,over,0.0354728,false0,0.106279,over0,0.0630847,overaggr,0.031223,overcuckoo,0.00424974,over_ai,0.0308007,over_ai,0.0437365,over_ai,0.0122183,over_ai,0.0406406,over_ai,0.0532682,over_ai,0.0428097,over_ai,0.0226134,over_ai,0.0287068,countIP,1.24418e+10,countIP0,1.27735e+10,keysum,1.20155e+10,pktSum,1.91477e+10,aggrSum,3.75162e+08,blackkey_num,0,feedback,64,feedsumportion,0.873751,finger0,10,finger,14,time,6,runtime,111
line,1819827,total,0.0353918,total0,0.0632942,false,0.0595716,over,0.0353918,false0,0.106537,over0,0.0632942,overaggr,0.0311398,overcuckoo,0.00425199,over_ai,0.0341427,over_ai,0.0347258,over_ai,0.0123738,over_ai,0.0287429,over_ai,0.0531204,over_ai,0.0427314,over_ai,0.0225302,over_ai,0.028706,countIP,1.25454e+10,countIP0,1.28835e+10,keysum,1.21166e+10,pktSum,1.93152e+10,aggrSum,3.77309e+08,blackkey_num,0,feedback,64,feedsumportion,0.884403,finger0,10,finger,14,time,6,runtime,112
line,1836544,total,0.0353298,total0,0.0634749,false,0.0594489,over,0.0353298,false0,0.106808,over0,0.0634749,overaggr,0.031075,overcuckoo,0.00425484,over_ai,0.038776,over_ai,0.0441707,over_ai,0.0103957,over_ai,0.0339797,over_ai,0.0530084,over_ai,0.0427437,over_ai,0.0224177,over_ai,0.0287409,countIP,1.26498e+10,countIP0,1.29936e+10,keysum,1.22181e+10,pktSum,1.94792e+10,aggrSum,3.79681e+08,blackkey_num,0,feedback,65,feedsumportion,0.880398,finger0,10,finger,14,time,6,runtime,113
line,1853282,total,0.0352693,total0,0.0637058,false,0.0592972,over,0.0352693,false0,0.107106,over0,0.0637058,overaggr,0.0310083,overcuckoo,0.00426101,over_ai,0.0270561,over_ai,0.0376775,over_ai,0.0185927,over_ai,0.0310463,over_ai,0.052767,over_ai,0.0426994,over_ai,0.0223892,over_ai,0.0287567,countIP,1.2749e+10,countIP0,1.30992e+10,keysum,1.23147e+10,pktSum,1.96393e+10,aggrSum,3.81858e+08,blackkey_num,0,feedback,64,feedsumportion,0.895703,finger0,10,finger,14,time,6,runtime,114
line,1870270,total,0.0351768,total0,0.0640292,false,0.0591318,over,0.0351768,false0,0.107632,over0,0.0640292,overaggr,0.0309128,overcuckoo,0.00426397,over_ai,0.0232165,over_ai,0.0371856,over_ai,0.0164434,over_ai,0.0278391,over_ai,0.0525166,over_ai,0.0426477,over_ai,0.0223186,over_ai,0.0287487,countIP,1.28537e+10,countIP0,1.3212e+10,keysum,1.2417e+10,pktSum,1.98036e+10,aggrSum,3.83843e+08,blackkey_num,0,feedback,64,feedsumportion,0.87539,finger0,10,finger,14,time,6,runtime,115
line,1886845,total,0.0351769,total0,0.064077,false,0.0591551,over,0.0351769,false0,0.107755,over0,0.064077,overaggr,0.0309183,overcuckoo,0.0042586,over_ai,0.032782,over_ai,0.0768514,over_ai,0.0164106,over_ai,0.0296997,over_ai,0.052356,over_ai,0.0429643,over_ai,0.0222415,over_ai,0.0287553,countIP,1.29684e+10,countIP0,1.33304e+10,keysum,1.25277e+10,pktSum,1.99774e+10,aggrSum,3.87336e+08,blackkey_num,0,feedback,67,feedsumportion,0.877574,finger0,10,finger,14,time,6,runtime,116
line,1903219,total,0.0355393,total0,0.0642263,false,0.0596579,over,0.0355393,false0,0.107813,over0,0.0642263,overaggr,0.0312811,overcuckoo,0.00425819,over_ai,0.0304205,over_ai,0.253101,over_ai,0.0144903,over_ai,0.0507155,over_ai,0.0522026,over_ai,0.044746,over_ai,0.0221797,over_ai,0.028927,countIP,1.30739e+10,countIP0,1.34361e+10,keysum,1.26252e+10,pktSum,2.01463e+10,aggrSum,3.9493e+08,blackkey_num,0,feedback,67,feedsumportion,0.914527,finger0,10,finger,14,time,6,runtime,117
line,1919810,total,0.035696,total0,0.0645643,false,0.059867,over,0.035696,false0,0.108283,over0,0.0645643,overaggr,0.0314233,overcuckoo,0.00427268,over_ai,0.0269473,over_ai,0.0904792,over_ai,0.0290997,over_ai,0.0976718,over_ai,0.0520126,over_ai,0.045137,over_ai,0.0222295,over_ai,0.0294533,countIP,1.31784e+10,countIP0,1.35457e+10,keysum,1.27242e+10,pktSum,2.03111e+10,aggrSum,3.99838e+08,blackkey_num,0,feedback,61,feedsumportion,0.958669,finger0,10,finger,14,time,7,runtime,118
line,1936412,total,0.0356562,total0,0.0647936,false,0.0597253,over,0.0356562,false0,0.108531,over0,0.0647936,overaggr,0.0313907,overcuckoo,0.0042655,over_ai,0.0264248,over_ai,0.0232039,over_ai,0.0130973,over_ai,0.0816111,over_ai,0.0518323,over_ai,0.0449362,over_ai,0.0221616,over_ai,0.0298333,countIP,1.32797e+10,countIP0,1.36533e+10,keysum,1.28225e+10,pktSum,2.04776e+10,aggrSum,4.02508e+08,blackkey_num,0,feedback,63,feedsumportion,0.941051,finger0,10,finger,14,time,6,runtime,119
line,1953233,total,0.0355762,total0,0.0649245,false,0.0595196,over,0.0355762,false0,0.10862,over0,0.0649245,overaggr,0.0313196,overcuckoo,0.0042566,over_ai,0.0271318,over_ai,0.0267464,over_ai,0.0208011,over_ai,0.0303345,over_ai,0.0516609,over_ai,0.0447914,over_ai,0.0221486,over_ai,0.0298356,countIP,1.338e+10,countIP0,1.37592e+10,keysum,1.29203e+10,pktSum,2.06431e+10,aggrSum,4.0466e+08,blackkey_num,0,feedback,68,feedsumportion,0.915596,finger0,10,finger,14,time,6,runtime,120
line,1970298,total,0.0355105,total0,0.0648738,false,0.0593991,over,0.0355105,false0,0.108516,over0,0.0648738,overaggr,0.0312332,overcuckoo,0.00427727,over_ai,0.0225722,over_ai,0.0487015,over_ai,0.0139686,over_ai,0.0337058,over_ai,0.051434,over_ai,0.0448225,over_ai,0.022082,over_ai,0.0298621,countIP,1.34836e+10,countIP0,1.3866e+10,keysum,1.30212e+10,pktSum,2.08057e+10,aggrSum,4.06697e+08,blackkey_num,0,feedback,64,feedsumportion,0.878139,finger0,10,finger,14,time,6,runtime,121
line,1987335,total,0.0354391,total0,0.0651274,false,0.0592402,over,0.0354392,false0,0.108867,over0,0.0651274,overaggr,0.0311448,overcuckoo,0.0042944,over_ai,0.0230328,over_ai,0.0429531,over_ai,0.0149518,over_ai,0.029392,over_ai,0.051231,over_ai,0.0448059,over_ai,0.0220264,over_ai,0.0298575,countIP,1.35855e+10,countIP0,1.3975e+10,keysum,1.31205e+10,pktSum,2.09696e+10,aggrSum,4.08638e+08,blackkey_num,0,feedback,64,feedsumportion,0.893604,finger0,10,finger,14,time,6,runtime,122
line,2004094,total,0.0354047,total0,0.065304,false,0.0590799,over,0.0354047,false0,0.108973,over0,0.065304,overaggr,0.0311051,overcuckoo,0.00429958,over_ai,0.029195,over_ai,0.0585691,over_ai,0.0129394,over_ai,0.0314944,over_ai,0.051064,over_ai,0.0449175,over_ai,0.0219582,over_ai,0.029868,countIP,1.36874e+10,countIP0,1.40826e+10,keysum,1.32194e+10,pktSum,2.11413e+10,aggrSum,4.11193e+08,blackkey_num,0,feedback,65,feedsumportion,0.88306,finger0,10,finger,14,time,6,runtime,123
line,2020541,total,0.0354549,total0,0.0655439,false,0.0590382,over,0.0354549,false0,0.109141,over0,0.0655439,overaggr,0.0311509,overcuckoo,0.00430395,over_ai,0.0459353,over_ai,0.0946844,over_ai,0.0137581,over_ai,0.0314006,over_ai,0.0510268,over_ai,0.0452972,over_ai,0.0218912,over_ai,0.029878,countIP,1.37913e+10,countIP0,1.4192e+10,keysum,1.3319e+10,pktSum,2.13177e+10,aggrSum,4.14903e+08,blackkey_num,0,feedback,65,feedsumportion,0.894382,finger0,10,finger,14,time,6,runtime,124
line,2036711,total,0.0354482,total0,0.0656754,false,0.0588831,over,0.0354482,false0,0.109094,over0,0.0656754,overaggr,0.0311295,overcuckoo,0.00431867,over_ai,0.0563555,over_ai,0.0406052,over_ai,0.0127742,over_ai,0.0390243,over_ai,0.0510634,over_ai,0.0452649,over_ai,0.0218302,over_ai,0.0299446,countIP,1.38864e+10,countIP0,1.42917e+10,keysum,1.3411e+10,pktSum,2.14845e+10,aggrSum,4.1748e+08,blackkey_num,0,feedback,63,feedsumportion,0.925468,finger0,10,finger,14,time,6,runtime,125
line,2053219,total,0.0355991,total0,0.065781,false,0.0591044,over,0.0355991,false0,0.109215,over0,0.065781,overaggr,0.0312789,overcuckoo,0.00432017,over_ai,0.0424847,over_ai,0.039469,over_ai,0.0900083,over_ai,0.0311031,over_ai,0.0510062,over_ai,0.0452228,over_ai,0.0223429,over_ai,0.0299548,countIP,1.40024e+10,countIP0,1.44105e+10,keysum,1.35211e+10,pktSum,2.16649e+10,aggrSum,4.22924e+08,blackkey_num,0,feedback,63,feedsumportion,0.899884,finger0,10,finger,14,time,7,runtime,126
line,2069862,total,0.0357763,total0,0.066127,false,0.0592778,over,0.0357763,false0,0.109566,over0,0.066127,overaggr,0.0314589,overcuckoo,0.00431738,over_ai,0.0410439,over_ai,0.037766,over_ai,0.0952608,over_ai,0.036316,over_ai,0.0509376,over_ai,0.0451731,over_ai,0.0228967,over_ai,0.0300016,countIP,1.41062e+10,countIP0,1.45195e+10,keysum,1.36189e+10,pktSum,2.18384e+10,aggrSum,4.28436e+08,blackkey_num,0,feedback,64,feedsumportion,0.948805,finger0,10,finger,14,time,6,runtime,127
line,2086667,total,0.0357769,total0,0.0663146,false,0.0592306,over,0.0357769,false0,0.109787,over0,0.0663146,overaggr,0.0314612,overcuckoo,0.0043157,over_ai,0.0379542,over_ai,0.0399532,over_ai,0.0368051,over_ai,0.0262208,over_ai,0.0508457,over_ai,0.0451379,over_ai,0.0230127,over_ai,0.0299744,countIP,1.42123e+10,countIP0,1.46313e+10,keysum,1.37214e+10,pktSum,2.20095e+10,aggrSum,4.31691e+08,blackkey_num,0,feedback,66,feedsumportion,0.945501,finger0,10,finger,14,time,6,runtime,128
line,2102927,total,0.0357181,total0,0.0664574,false,0.0590773,over,0.0357181,false0,0.10992,over0,0.0664574,overaggr,0.0314023,overcuckoo,0.00431576,over_ai,0.0297589,over_ai,0.0533017,over_ai,0.0135883,over_ai,0.0293676,over_ai,0.0507037,over_ai,0.0451936,over_ai,0.0229326,over_ai,0.0299706,countIP,1.43173e+10,countIP0,1.47422e+10,keysum,1.38235e+10,pktSum,2.21812e+10,aggrSum,4.3409e+08,blackkey_num,0,feedback,68,feedsumportion,0.906849,finger0,10,finger,14,time,6,runtime,129
line,2119046,total,0.0357619,total0,0.0665954,false,0.0590677,over,0.0357619,false0,0.109995,over0,0.0665954,overaggr,0.0314452,overcuckoo,0.0043167,over_ai,0.0274994,over_ai,0.0358437,over_ai,0.0650923,over_ai,0.0272416,over_ai,0.050536,over_ai,0.0451303,over_ai,0.0232073,over_ai,0.0299476,countIP,1.44178e+10,countIP0,1.4847e+10,keysum,1.392e+10,pktSum,2.23477e+10,aggrSum,4.37717e+08,blackkey_num,0,feedback,64,feedsumportion,0.885551,finger0,10,finger,14,time,7,runtime,130
line,2135309,total,0.0357176,total0,0.0666758,false,0.0589354,over,0.0357176,false0,0.110018,over0,0.0666758,overaggr,0.0314019,overcuckoo,0.00431573,over_ai,0.0410737,over_ai,0.0338692,over_ai,0.0267249,over_ai,0.0268927,over_ai,0.0504813,over_ai,0.0450475,over_ai,0.0231992,over_ai,0.0299263,countIP,1.45192e+10,countIP0,1.49532e+10,keysum,1.40185e+10,pktSum,2.25144e+10,aggrSum,4.40207e+08,blackkey_num,0,feedback,63,feedsumportion,0.931226,finger0,10,finger,14,time,6,runtime,131
line,2151472,total,0.0357372,total0,0.0667072,false,0.0589845,over,0.0357372,false0,0.110101,over0,0.0667072,overaggr,0.0314251,overcuckoo,0.00431214,over_ai,0.0498619,over_ai,0.0467595,over_ai,0.0349281,over_ai,0.0296289,over_ai,0.0504764,over_ai,0.0450594,over_ai,0.0232497,over_ai,0.029922,countIP,1.46318e+10,countIP0,1.50694e+10,keysum,1.4127e+10,pktSum,2.26862e+10,aggrSum,4.43943e+08,blackkey_num,0,feedback,61,feedsumportion,0.896051,finger0,10,finger,14,time,6,runtime,132
line,2167764,total,0.0357272,total0,0.0668906,false,0.0589374,over,0.0357272,false0,0.110346,over0,0.0668906,overaggr,0.0314277,overcuckoo,0.00429958,over_ai,0.0324802,over_ai,0.0365115,over_ai,0.033838,over_ai,0.0364206,over_ai,0.0503335,over_ai,0.044995,over_ai,0.0233177,over_ai,0.0299635,countIP,1.4737e+10,countIP0,1.51804e+10,keysum,1.42286e+10,pktSum,2.28538e+10,aggrSum,4.47172e+08,blackkey_num,0,feedback,63,feedsumportion,0.919354,finger0,10,finger,14,time,7,runtime,133
line,2184127,total,0.0357047,total0,0.067106,false,0.0588432,over,0.0357047,false0,0.110594,over0,0.067106,overaggr,0.0313835,overcuckoo,0.00432117,over_ai,0.030869,over_ai,0.0486887,over_ai,0.0240053,over_ai,0.028781,over_ai,0.0501963,over_ai,0.045021,over_ai,0.0233193,over_ai,0.0299531,countIP,1.48349e+10,countIP0,1.52846e+10,keysum,1.43235e+10,pktSum,2.30146e+10,aggrSum,4.4952e+08,blackkey_num,0,feedback,63,feedsumportion,0.904289,finger0,10,finger,14,time,6,runtime,134
line,2200327,total,0.035733,total0,0.0672163,false,0.058861,over,0.035733,false0,0.110722,over0,0.0672163,overaggr,0.0314157,overcuckoo,0.0043173,over_ai,0.0352089,over_ai,0.0795062,over_ai,0.0321791,over_ai,0.0242804,over_ai,0.050107,over_ai,0.0452621,over_ai,0.0233584,over_ai,0.0299085,countIP,1.49451e+10,countIP0,1.53994e+10,keysum,1.44295e+10,pktSum,2.31893e+10,aggrSum,4.53317e+08,blackkey_num,0,feedback,65,feedsumportion,0.893168,finger0,10,finger,14,time,6,runtime,135
line,2216713,total,0.0357478,total0,0.0673331,false,0.0588736,over,0.0357478,false0,0.110892,over0,0.0673331,overaggr,0.03142,overcuckoo,0.0043278,over_ai,0.0362975,over_ai,0.0680742,over_ai,0.0194935,over_ai,0.0271031,over_ai,0.050024,over_ai,0.045467,over_ai,0.0233309,over_ai,0.0298858,countIP,1.50509e+10,countIP0,1.55099e+10,keysum,1.45315e+10,pktSum,2.33549e+10,aggrSum,4.5658e+08,blackkey_num,0,feedback,64,feedsumportion,0.931923,finger0,10,finger,14,time,6,runtime,136
line,2232760,total,0.035685,total0,0.0673141,false,0.0587681,over,0.035685,false0,0.110857,over0,0.0673141,overaggr,0.031357,overcuckoo,0.004328,over_ai,0.0397446,over_ai,0.0270108,over_ai,0.0262591,over_ai,0.0254203,over_ai,0.0499631,over_ai,0.0452827,over_ai,0.0233215,over_ai,0.029854,countIP,1.51633e+10,countIP0,1.56264e+10,keysum,1.46408e+10,pktSum,2.3531e+10,aggrSum,4.59094e+08,blackkey_num,0,feedback,66,feedsumportion,0.929579,finger0,10,finger,14,time,6,runtime,137
line,2249035,total,0.0356151,total0,0.0674488,false,0.058622,over,0.0356151,false0,0.11102,over0,0.0674488,overaggr,0.0312918,overcuckoo,0.00432335,over_ai,0.0402341,over_ai,0.0315376,over_ai,0.0183418,over_ai,0.0257433,over_ai,0.049902,over_ai,0.0451769,over_ai,0.0232621,over_ai,0.0298246,countIP,1.52738e+10,countIP0,1.57433e+10,keysum,1.47485e+10,pktSum,2.37088e+10,aggrSum,4.61508e+08,blackkey_num,0,feedback,60,feedsumportion,0.89359,finger0,10,finger,14,time,6,runtime,138
line,2265278,total,0.0355868,total0,0.0674677,false,0.0585267,over,0.0355868,false0,0.110959,over0,0.0674677,overaggr,0.0312627,overcuckoo,0.00432407,over_ai,0.0289136,over_ai,0.0391272,over_ai,0.0314917,over_ai,0.0247233,over_ai,0.0497683,over_ai,0.0451324,over_ai,0.0233036,over_ai,0.0297881,countIP,1.53724e+10,countIP0,1.58456e+10,keysum,1.48441e+10,pktSum,2.387e+10,aggrSum,4.6407e+08,blackkey_num,0,feedback,61,feedsumportion,0.890478,finger0,10,finger,14,time,6,runtime,139
line,2281764,total,0.0355621,total0,0.0675875,false,0.0584921,over,0.0355621,false0,0.111167,over0,0.0675875,overaggr,0.0312406,overcuckoo,0.00432151,over_ai,0.0370764,over_ai,0.0313314,over_ai,0.0394423,over_ai,0.0245658,over_ai,0.0496897,over_ai,0.0450153,over_ai,0.0233827,over_ai,0.0297556,countIP,1.54854e+10,countIP0,1.59643e+10,keysum,1.49537e+10,pktSum,2.40452e+10,aggrSum,4.67163e+08,blackkey_num,0,feedback,66,feedsumportion,0.896605,finger0,10,finger,14,time,6,runtime,140
line,2298097,total,0.0355367,total0,0.0677744,false,0.0583654,over,0.0355367,false0,0.111312,over0,0.0677744,overaggr,0.0312135,overcuckoo,0.0043232,over_ai,0.0441999,over_ai,0.0372536,over_ai,0.0244718,over_ai,0.0238834,over_ai,0.049656,over_ai,0.044964,over_ai,0.0233874,over_ai,0.0297121,countIP,1.55835e+10,countIP0,1.60687e+10,keysum,1.50488e+10,pktSum,2.42114e+10,aggrSum,4.69725e+08,blackkey_num,0,feedback,67,feedsumportion,0.902768,finger0,10,finger,14,time,6,runtime,141
line,2314242,total,0.0355144,total0,0.0679116,false,0.058316,over,0.0355144,false0,0.111514,over0,0.0679116,overaggr,0.0311971,overcuckoo,0.00431731,over_ai,0.0392856,over_ai,0.0321728,over_ai,0.0403869,over_ai,0.0216277,over_ai,0.0495904,over_ai,0.044878,over_ai,0.0234731,over_ai,0.0296513,countIP,1.56973e+10,countIP0,1.61884e+10,keysum,1.51589e+10,pktSum,2.43907e+10,aggrSum,4.72914e+08,blackkey_num,0,feedback,65,feedsumportion,0.892657,finger0,10,finger,14,time,6,runtime,142
line,2330201,total,0.0355705,total0,0.0680196,false,0.0583203,over,0.0355705,false0,0.111523,over0,0.0680196,overaggr,0.0312491,overcuckoo,0.00432139,over_ai,0.0414734,over_ai,0.0310953,over_ai,0.064959,over_ai,0.0251825,over_ai,0.0495458,over_ai,0.0447862,over_ai,0.0237493,over_ai,0.029612,countIP,1.58048e+10,countIP0,1.63e+10,keysum,1.52619e+10,pktSum,2.45704e+10,aggrSum,4.76921e+08,blackkey_num,0,feedback,61,feedsumportion,0.923191,finger0,10,finger,14,time,6,runtime,143
line,2346299,total,0.0355941,total0,0.0681263,false,0.0583052,over,0.0355941,false0,0.111595,over0,0.0681263,overaggr,0.0312484,overcuckoo,0.00434567,over_ai,0.0408344,over_ai,0.0450669,over_ai,0.0361722,over_ai,0.0368819,over_ai,0.0494945,over_ai,0.0447877,over_ai,0.0238292,over_ai,0.0296753,countIP,1.59118e+10,countIP0,1.64117e+10,keysum,1.53649e+10,pktSum,2.47449e+10,aggrSum,4.80132e+08,blackkey_num,0,feedback,62,feedsumportion,0.935801,finger0,10,finger,14,time,7,runtime,144
line,2362326,total,0.0356335,total0,0.0681856,false,0.0583019,over,0.0356335,false0,0.111562,over0,0.0681856,overaggr,0.0312874,overcuckoo,0.0043461,over_ai,0.0400375,over_ai,0.0356463,over_ai,0.0623146,over_ai,0.0231674,over_ai,0.0494376,over_ai,0.0447307,over_ai,0.0240403,over_ai,0.029619,countIP,1.60145e+10,countIP0,1.65179e+10,keysum,1.54635e+10,pktSum,2.49146e+10,aggrSum,4.83815e+08,blackkey_num,0,feedback,62,feedsumportion,0.921023,finger0,10,finger,14,time,6,runtime,145
line,2378746,total,0.0356979,total0,0.0682711,false,0.0583268,over,0.0356979,false0,0.111548,over0,0.0682711,overaggr,0.0313507,overcuckoo,0.00434726,over_ai,0.0390851,over_ai,0.0377119,over_ai,0.076251,over_ai,0.0287878,over_ai,0.04938,over_ai,0.0446867,over_ai,0.0242949,over_ai,0.02961,countIP,1.61148e+10,countIP0,1.66216e+10,keysum,1.55594e+10,pktSum,2.50822e+10,aggrSum,4.87797e+08,blackkey_num,0,feedback,63,feedsumportion,0.919113,finger0,10,finger,14,time,6,runtime,146
line,2395059,total,0.0357672,total0,0.0682182,false,0.0584309,over,0.0357672,false0,0.111444,over0,0.0682182,overaggr,0.0314294,overcuckoo,0.00433773,over_ai,0.0399936,over_ai,0.0639167,over_ai,0.056802,over_ai,0.0282156,over_ai,0.0493218,over_ai,0.0448156,over_ai,0.0244584,over_ai,0.0295991,countIP,1.62239e+10,countIP0,1.67322e+10,keysum,1.56637e+10,pktSum,2.52518e+10,aggrSum,4.923e+08,blackkey_num,0,feedback,67,feedsumportion,0.92553,finger0,10,finger,14,time,6,runtime,147
line,2411416,total,0.0357905,total0,0.068282,false,0.058474,over,0.0357905,false0,0.111558,over0,0.068282,overaggr,0.0314695,overcuckoo,0.00432103,over_ai,0.0313274,over_ai,0.075986,over_ai,0.0310601,over_ai,0.0291758,over_ai,0.0492154,over_ai,0.0450381,over_ai,0.0244739,over_ai,0.0295957,countIP,1.63373e+10,countIP0,1.68498e+10,keysum,1.57728e+10,pktSum,2.54269e+10,aggrSum,4.96361e+08,blackkey_num,0,feedback,65,feedsumportion,0.934227,finger0,10,finger,14,time,6,runtime,148
line,2427667,total,0.035757,total0,0.0684238,false,0.0584152,over,0.035757,false0,0.111782,over0,0.0684238,overaggr,0.0314575,overcuckoo,0.0042995,over_ai,0.0319221,over_ai,0.0193056,over_ai,0.0360175,over_ai,0.0342152,over_ai,0.0491041,over_ai,0.0448508,over_ai,0.0245513,over_ai,0.0296213,countIP,1.64453e+10,countIP0,1.6964e+10,keysum,1.58776e+10,pktSum,2.55965e+10,aggrSum,4.99469e+08,blackkey_num,0,feedback,67,feedsumportion,0.926401,finger0,10,finger,14,time,6,runtime,149
line,2440707,total,0.0357275,total0,0.0685156,false,0.0583396,over,0.0357275,false0,0.11188,over0,0.0685156,overaggr,0.0314388,overcuckoo,0.00428868,over_ai,0.0403956,over_ai,0.0279829,over_ai,0.0242475,over_ai,0.0221037,over_ai,0.0490725,over_ai,0.044771,over_ai,0.0245478,over_ai,0.0295921,countIP,1.65092e+10,countIP0,1.70318e+10,keysum,1.59397e+10,pktSum,2.57012e+10,aggrSum,5.01125e+08,blackkey_num,0,feedback,66,feedsumportion,0.899153,finger0,10,finger,14,time,6,runtime,inf
line,2457030,total,0.0356687,total0,0.0686567,false,0.0581662,over,0.0356687,false0,0.111961,over0,0.0686567,overaggr,0.0313707,overcuckoo,0.00429798,over_ai,0.0361913,over_ai,0.0356791,over_ai,0.0155757,over_ai,0.0270616,over_ai,0.0490027,over_ai,0.0447037,over_ai,0.0244793,over_ai,0.0295778,countIP,1.6612e+10,countIP0,1.71411e+10,keysum,1.60399e+10,pktSum,2.58759e+10,aggrSum,5.03183e+08,blackkey_num,0,feedback,51,feedsumportion,0.85885,finger0,10,finger,14,time,6,runtime,inf
line,2473178,total,0.0356241,total0,0.0687399,false,0.0580775,over,0.0356241,false0,0.112066,over0,0.0687399,overaggr,0.0313264,overcuckoo,0.00429767,over_ai,0.0507792,over_ai,0.0289686,over_ai,0.0145953,over_ai,0.027959,over_ai,0.0490143,over_ai,0.0445801,over_ai,0.0244164,over_ai,0.0295689,countIP,1.67193e+10,countIP0,1.72539e+10,keysum,1.61442e+10,pktSum,2.60468e+10,aggrSum,5.05743e+08,blackkey_num,0,feedback,62,feedsumportion,0.881591,finger0,10,finger,14,time,6,runtime,inf
line,2489168,total,0.0356336,total0,0.0686546,false,0.0580735,over,0.0356336,false0,0.111889,over0,0.0686546,overaggr,0.0313339,overcuckoo,0.00429968,over_ai,0.0727881,over_ai,0.0247985,over_ai,0.035823,over_ai,0.0269058,over_ai,0.0491375,over_ai,0.0443698,over_ai,0.0244804,over_ai,0.0295528,countIP,1.68331e+10,countIP0,1.73698e+10,keysum,1.62539e+10,pktSum,2.62273e+10,aggrSum,5.09303e+08,blackkey_num,0,feedback,63,feedsumportion,0.895385,finger0,10,finger,14,time,6,runtime,inf
line,2505095,total,0.0355687,total0,0.0689325,false,0.0578781,over,0.0355687,false0,0.112168,over0,0.0689325,overaggr,0.0312717,overcuckoo,0.00429694,over_ai,0.0312628,over_ai,0.0280233,over_ai,0.0151764,over_ai,0.031961,over_ai,0.0490405,over_ai,0.0442052,over_ai,0.0244298,over_ai,0.0295623,countIP,1.6938e+10,countIP0,1.74837e+10,keysum,1.63562e+10,pktSum,2.64078e+10,aggrSum,5.11487e+08,blackkey_num,0,feedback,61,feedsumportion,0.928152,finger0,10,finger,14,time,6,runtime,inf
line,2520967,total,0.0355519,total0,0.069242,false,0.057737,over,0.0355519,false0,0.112451,over0,0.069242,overaggr,0.0312531,overcuckoo,0.00429873,over_ai,0.0295912,over_ai,0.035205,over_ai,0.0418348,over_ai,0.0277748,over_ai,0.0489137,over_ai,0.0441447,over_ai,0.0244919,over_ai,0.0295531,countIP,1.70399e+10,countIP0,1.75942e+10,keysum,1.64549e+10,pktSum,2.6587e+10,aggrSum,5.14267e+08,blackkey_num,0,feedback,65,feedsumportion,0.888553,finger0,10,finger,14,time,6,runtime,inf
line,2536579,total,0.0356273,total0,0.0694294,false,0.0577634,over,0.0356273,false0,0.112568,over0,0.0694294,overaggr,0.0313321,overcuckoo,0.0042952,over_ai,0.0246337,over_ai,0.0294348,over_ai,0.106619,over_ai,0.0337904,over_ai,0.0487457,over_ai,0.0440393,over_ai,0.0248426,over_ai,0.0295744,countIP,1.71475e+10,countIP0,1.77072e+10,keysum,1.65576e+10,pktSum,2.677e+10,aggrSum,5.18785e+08,blackkey_num,0,feedback,61,feedsumportion,0.901616,finger0,10,finger,14,time,6,runtime,inf
line,2552557,total,0.0355852,total0,0.0694951,false,0.057612,over,0.0355852,false0,0.112511,over0,0.0694951,overaggr,0.0312922,overcuckoo,0.00429303,over_ai,0.0350414,over_ai,0.0310461,over_ai,0.0230684,over_ai,0.0375478,over_ai,0.048665,over_ai,0.0439311,over_ai,0.0248052,over_ai,0.0296161,countIP,1.7253e+10,countIP0,1.78179e+10,keysum,1.66601e+10,pktSum,2.69506e+10,aggrSum,5.21333e+08,blackkey_num,0,feedback,63,feedsumportion,0.936453,finger0,10,finger,14,time,6,runtime,inf
line,2568368,total,0.0355276,total0,0.0695512,false,0.0574518,over,0.0355276,false0,0.112471,over0,0.0695511,overaggr,0.0312378,overcuckoo,0.00428982,over_ai,0.0294854,over_ai,0.0372653,over_ai,0.0163092,over_ai,0.0360735,over_ai,0.0485452,over_ai,0.0438862,over_ai,0.0247335,over_ai,0.0296522,countIP,1.73637e+10,countIP0,1.79342e+10,keysum,1.6768e+10,pktSum,2.71372e+10,aggrSum,5.23795e+08,blackkey_num,0,feedback,62,feedsumportion,0.884036,finger0,10,finger,14,time,6,runtime,inf
line,2584503,total,0.0354742,total0,0.0696709,false,0.0572545,over,0.0354742,false0,0.112447,over0,0.0696709,overaggr,0.0311865,overcuckoo,0.0042877,over_ai,0.0250349,over_ai,0.0402652,over_ai,0.018172,over_ai,0.0232888,over_ai,0.04841,over_ai,0.0438642,over_ai,0.0246982,over_ai,0.0296132,countIP,1.74618e+10,countIP0,1.80385e+10,keysum,1.68636e+10,pktSum,2.73121e+10,aggrSum,5.25917e+08,blackkey_num,0,feedback,65,feedsumportion,0.89351,finger0,10,finger,14,time,6,runtime,inf
line,2600610,total,0.0354315,total0,0.069627,false,0.05716,over,0.0354315,false0,0.112326,over0,0.069627,overaggr,0.0311482,overcuckoo,0.00428323,over_ai,0.0309741,over_ai,0.0385272,over_ai,0.0175875,over_ai,0.0423568,over_ai,0.0482978,over_ai,0.0438319,over_ai,0.0246361,over_ai,0.0296832,countIP,1.75691e+10,countIP0,1.81494e+10,keysum,1.69679e+10,pktSum,2.74858e+10,aggrSum,5.28521e+08,blackkey_num,0,feedback,63,feedsumportion,0.881538,finger0,10,finger,14,time,6,runtime,inf
line,2616915,total,0.0354343,total0,0.0698271,false,0.0570857,over,0.0354343,false0,0.112493,over0,0.0698271,overaggr,0.0311407,overcuckoo,0.00429368,over_ai,0.0387887,over_ai,0.0324656,over_ai,0.0356534,over_ai,0.0385753,over_ai,0.0482457,over_ai,0.0437589,over_ai,0.0246848,over_ai,0.0297244,countIP,1.76606e+10,countIP0,1.82472e+10,keysum,1.70562e+10,pktSum,2.76434e+10,aggrSum,5.31144e+08,blackkey_num,0,feedback,64,feedsumportion,0.889892,finger0,10,finger,14,time,7,runtime,inf
line,2633136,total,0.0353705,total0,0.0698165,false,0.0570032,over,0.0353705,false0,0.112517,over0,0.0698165,overaggr,0.0310772,overcuckoo,0.00429324,over_ai,0.0318627,over_ai,0.0371924,over_ai,0.0167263,over_ai,0.0241851,over_ai,0.0481576,over_ai,0.0437177,over_ai,0.0246164,over_ai,0.0296929,countIP,1.77672e+10,countIP0,1.83583e+10,keysum,1.71602e+10,pktSum,2.78082e+10,aggrSum,5.33295e+08,blackkey_num,0,feedback,65,feedsumportion,0.907642,finger0,10,finger,14,time,6,runtime,inf
line,2649398,total,0.0353104,total0,0.0698107,false,0.0569281,over,0.0353104,false0,0.11255,over0,0.0698107,overaggr,0.0310244,overcuckoo,0.004286,over_ai,0.0303341,over_ai,0.0281787,over_ai,0.0244723,over_ai,0.0249635,over_ai,0.048052,over_ai,0.043614,over_ai,0.0245912,over_ai,0.0296643,countIP,1.78741e+10,countIP0,1.84697e+10,keysum,1.72645e+10,pktSum,2.7973e+10,aggrSum,5.35621e+08,blackkey_num,0,feedback,65,feedsumportion,0.867647,finger0,10,finger,14,time,6,runtime,inf
line,2665702,total,0.0352331,total0,0.0697586,false,0.0568252,over,0.0352331,false0,0.112509,over0,0.0697586,overaggr,0.0309577,overcuckoo,0.00427534,over_ai,0.0334829,over_ai,0.0233309,over_ai,0.0191565,over_ai,0.0222407,over_ai,0.0479673,over_ai,0.0434833,over_ai,0.0245384,over_ai,0.0296139,countIP,1.79829e+10,countIP0,1.85826e+10,keysum,1.73709e+10,pktSum,2.81412e+10,aggrSum,5.37762e+08,blackkey_num,0,feedback,64,feedsumportion,0.874262,finger0,10,finger,14,time,6,runtime,inf
line,2682058,total,0.0352201,total0,0.0698089,false,0.0568292,over,0.0352201,false0,0.11264,over0,0.0698089,overaggr,0.0309399,overcuckoo,0.00428017,over_ai,0.0274872,over_ai,0.0527805,over_ai,0.0330993,over_ai,0.0269741,over_ai,0.0478311,over_ai,0.0435355,over_ai,0.0245623,over_ai,0.029599,countIP,1.80916e+10,countIP0,1.86961e+10,keysum,1.74761e+10,pktSum,2.8307e+10,aggrSum,5.40713e+08,blackkey_num,0,feedback,60,feedsumportion,0.868822,finger0,10,finger,14,time,7,runtime,inf
line,2698574,total,0.0351773,total0,0.069808,false,0.0567384,over,0.0351773,false0,0.112595,over0,0.069808,overaggr,0.0309059,overcuckoo,0.00427146,over_ai,0.0265512,over_ai,0.0378376,over_ai,0.0161372,over_ai,0.0362501,over_ai,0.0477016,over_ai,0.0435048,over_ai,0.0245189,over_ai,0.0296313,countIP,1.81879e+10,countIP0,1.87964e+10,keysum,1.75699e+10,pktSum,2.8463e+10,aggrSum,5.43014e+08,blackkey_num,0,feedback,65,feedsumportion,0.906173,finger0,10,finger,14,time,7,runtime,inf
line,2714734,total,0.0351132,total0,0.0698112,false,0.0566628,over,0.0351132,false0,0.112656,over0,0.0698112,overaggr,0.0308545,overcuckoo,0.0042587,over_ai,0.0271653,over_ai,0.0242625,over_ai,0.0241613,over_ai,0.0315313,over_ai,0.0475887,over_ai,0.0433734,over_ai,0.0244937,over_ai,0.0296392,countIP,1.82982e+10,countIP0,1.89116e+10,keysum,1.76775e+10,pktSum,2.8632e+10,aggrSum,5.45434e+08,blackkey_num,0,feedback,68,feedsumportion,0.867098,finger0,10,finger,14,time,6,runtime,inf
line,2730911,total,0.0351082,total0,0.0697706,false,0.0566177,over,0.0351082,false0,0.112516,over0,0.0697706,overaggr,0.0308319,overcuckoo,0.00427624,over_ai,0.0358567,over_ai,0.0451254,over_ai,0.0274184,over_ai,0.0283925,over_ai,0.0475181,over_ai,0.0433844,over_ai,0.0245032,over_ai,0.0296323,countIP,1.83971e+10,countIP0,1.90132e+10,keysum,1.77731e+10,pktSum,2.87941e+10,aggrSum,5.4798e+08,blackkey_num,0,feedback,67,feedsumportion,0.882256,finger0,10,finger,14,time,7,runtime,inf
line,2747184,total,0.0350717,total0,0.0697725,false,0.0565588,over,0.0350717,false0,0.11252,over0,0.0697725,overaggr,0.0307995,overcuckoo,0.00427215,over_ai,0.0341318,over_ai,0.0304468,over_ai,0.0330968,over_ai,0.0230192,over_ai,0.047437,over_ai,0.0432928,over_ai,0.0245163,over_ai,0.0295949,countIP,1.85029e+10,countIP0,1.91232e+10,keysum,1.78759e+10,pktSum,2.89607e+10,aggrSum,5.50573e+08,blackkey_num,0,feedback,67,feedsumportion,0.89451,finger0,10,finger,14,time,7,runtime,inf
line,2763208,total,0.0350187,total0,0.0697246,false,0.0564889,over,0.0350187,false0,0.112473,over0,0.0697246,overaggr,0.0307516,overcuckoo,0.00426714,over_ai,0.0255883,over_ai,0.0300376,over_ai,0.0263895,over_ai,0.0320364,over_ai,0.0473044,over_ai,0.0432032,over_ai,0.0245003,over_ai,0.0296049,countIP,1.86146e+10,countIP0,1.92388e+10,keysum,1.79848e+10,pktSum,2.91339e+10,aggrSum,5.5306e+08,blackkey_num,0,feedback,64,feedsumportion,0.885152,finger0,10,finger,14,time,7,runtime,inf
line,2779419,total,0.0349578,total0,0.0697471,false,0.0564119,over,0.0349578,false0,0.112552,over0,0.0697471,overaggr,0.0306923,overcuckoo,0.00426553,over_ai,0.0192746,over_ai,0.0313271,over_ai,0.0200194,over_ai,0.0287464,over_ai,0.0471561,over_ai,0.0431235,over_ai,0.0244737,over_ai,0.0295994,countIP,1.87207e+10,countIP0,1.935e+10,keysum,1.80884e+10,pktSum,2.92976e+10,aggrSum,5.55174e+08,blackkey_num,0,feedback,65,feedsumportion,0.887636,finger0,10,finger,14,time,7,runtime,inf
line,2795458,total,0.0349301,total0,0.0698412,false,0.056338,over,0.0349301,false0,0.112645,over0,0.0698412,overaggr,0.0306673,overcuckoo,0.00426286,over_ai,0.0231103,over_ai,0.0315911,over_ai,0.0341298,over_ai,0.0283596,over_ai,0.0470148,over_ai,0.0430442,over_ai,0.0245242,over_ai,0.0295915,countIP,1.88252e+10,countIP0,1.94602e+10,keysum,1.81898e+10,pktSum,2.94677e+10,aggrSum,5.57833e+08,blackkey_num,0,feedback,66,feedsumportion,0.879556,finger0,10,finger,14,time,6,runtime,inf
line,2811783,total,0.0349432,total0,0.0698811,false,0.0563324,over,0.0349432,false0,0.112656,over0,0.0698811,overaggr,0.0306809,overcuckoo,0.00426239,over_ai,0.0383466,over_ai,0.033287,over_ai,0.0446014,over_ai,0.029625,over_ai,0.0469541,over_ai,0.0429688,over_ai,0.0246168,over_ai,0.0295919,countIP,1.89247e+10,countIP0,1.95636e+10,keysum,1.82858e+10,pktSum,2.96285e+10,aggrSum,5.61023e+08,blackkey_num,0,feedback,65,feedsumportion,0.89277,finger0,10,finger,14,time,6,runtime,inf
line,2827766,total,0.0349101,total0,0.0699827,false,0.056268,over,0.0349101,false0,0.112798,over0,0.0699827,overaggr,0.0306497,overcuckoo,0.00426045,over_ai,0.0412771,over_ai,0.02995,over_ai,0.021157,over_ai,0.0381813,over_ai,0.0469142,over_ai,0.0428689,over_ai,0.0245774,over_ai,0.0296324,countIP,1.90305e+10,countIP0,1.96754e+10,keysum,1.83886e+10,pktSum,2.97973e+10,aggrSum,5.63603e+08,blackkey_num,0,feedback,65,feedsumportion,0.906914,finger0,10,finger,14,time,6,runtime,inf
line,2844133,total,0.0348822,total0,0.0699558,false,0.0562045,over,0.0348822,false0,0.112717,over0,0.0699558,overaggr,0.0306219,overcuckoo,0.00426032,over_ai,0.0348512,over_ai,0.0376405,over_ai,0.0277433,over_ai,0.0273005,over_ai,0.0468433,over_ai,0.0428216,over_ai,0.0245658,over_ai,0.0296194,countIP,1.91352e+10,countIP0,1.97837e+10,keysum,1.84902e+10,pktSum,2.99659e+10,aggrSum,5.66207e+08,blackkey_num,0,feedback,65,feedsumportion,0.888362,finger0,10,finger,14,time,11,runtime,inf
line,2861010,total,0.0348336,total0,0.0700029,false,0.0561218,over,0.0348336,false0,0.112784,over0,0.0700029,overaggr,0.0305751,overcuckoo,0.00425848,over_ai,0.0319145,over_ai,0.0338789,over_ai,0.0225034,over_ai,0.0268051,over_ai,0.0467558,over_ai,0.0427605,over_ai,0.0245287,over_ai,0.0296037,countIP,1.92428e+10,countIP0,1.98968e+10,keysum,1.85951e+10,pktSum,3.01367e+10,aggrSum,5.68547e+08,blackkey_num,0,feedback,66,feedsumportion,0.892925,finger0,10,finger,14,time,6,runtime,inf
line,2877638,total,0.0348052,total0,0.0699748,false,0.0560752,over,0.0348052,false0,0.112737,over0,0.0699748,overaggr,0.0305519,overcuckoo,0.00425331,over_ai,0.0316856,over_ai,0.0285728,over_ai,0.0277174,over_ai,0.0332687,over_ai,0.0466728,over_ai,0.0426633,over_ai,0.0245462,over_ai,0.0296203,countIP,1.93484e+10,countIP0,2.0006e+10,keysum,1.86977e+10,pktSum,3.03031e+10,aggrSum,5.71249e+08,blackkey_num,0,feedback,63,feedsumportion,0.874482,finger0,10,finger,14,time,6,runtime,inf
line,2894391,total,0.03483,total0,0.0699943,false,0.0561126,over,0.03483,false0,0.112764,over0,0.0699943,overaggr,0.0305849,overcuckoo,0.0042451,over_ai,0.0270689,over_ai,0.0379018,over_ai,0.049712,over_ai,0.0360522,over_ai,0.0465626,over_ai,0.042623,over_ai,0.0246892,over_ai,0.0296509,countIP,1.94578e+10,countIP0,2.0119e+10,keysum,1.88029e+10,pktSum,3.04742e+10,aggrSum,5.75091e+08,blackkey_num,0,feedback,61,feedsumportion,0.887625,finger0,10,finger,14,time,6,runtime,inf
line,2910739,total,0.034959,total0,0.0701127,false,0.0562338,over,0.034959,false0,0.112781,over0,0.0701127,overaggr,0.030722,overcuckoo,0.004237,over_ai,0.0296875,over_ai,0.0299581,over_ai,0.124528,over_ai,0.0294381,over_ai,0.0464708,over_ai,0.0425489,over_ai,0.0251394,over_ai,0.0296507,countIP,1.95587e+10,countIP0,2.0223e+10,keysum,1.8898e+10,pktSum,3.06464e+10,aggrSum,5.80585e+08,blackkey_num,0,feedback,67,feedsumportion,0.908628,finger0,10,finger,14,time,6,runtime,inf
line,2927303,total,0.0349564,total0,0.0701797,false,0.0562,over,0.0349564,false0,0.112829,over0,0.0701797,overaggr,0.0307355,overcuckoo,0.00422087,over_ai,0.025679,over_ai,0.0232341,over_ai,0.0603286,over_ai,0.0281813,over_ai,0.0463601,over_ai,0.0424425,over_ai,0.0252773,over_ai,0.0296407,countIP,1.96661e+10,countIP0,2.03354e+10,keysum,1.90018e+10,pktSum,3.0821e+10,aggrSum,5.84034e+08,blackkey_num,0,feedback,66,feedsumportion,0.942153,finger0,10,finger,14,time,7,runtime,inf
line,2944186,total,0.0351504,total0,0.0701414,false,0.0564653,over,0.0351504,false0,0.112675,over0,0.0701414,overaggr,0.0309471,overcuckoo,0.00420328,over_ai,0.0465018,over_ai,0.024149,over_ai,0.173129,over_ai,0.0296877,over_ai,0.0463605,over_ai,0.0423383,over_ai,0.0258832,over_ai,0.0296379,countIP,1.97712e+10,countIP0,2.04395e+10,keysum,1.90998e+10,pktSum,3.09897e+10,aggrSum,5.91084e+08,blackkey_num,0,feedback,65,feedsumportion,0.921096,finger0,10,finger,14,time,6,runtime,inf
line,2961242,total,0.035231,total0,0.0701316,false,0.0565761,over,0.035231,false0,0.112622,over0,0.0701316,overaggr,0.0310445,overcuckoo,0.00418648,over_ai,0.0412056,over_ai,0.0300286,over_ai,0.0882332,over_ai,0.0315191,over_ai,0.0463352,over_ai,0.0422675,over_ai,0.0261709,over_ai,0.0296459,countIP,1.98822e+10,countIP0,2.05525e+10,keysum,1.92056e+10,pktSum,3.11652e+10,aggrSum,5.96232e+08,blackkey_num,0,feedback,69,feedsumportion,0.955021,finger0,10,finger,14,time,6,runtime,inf
line,2977764,total,0.0352969,total0,0.0701134,false,0.0566447,over,0.0352969,false0,0.112518,over0,0.0701134,overaggr,0.0311252,overcuckoo,0.00417177,over_ai,0.0363467,over_ai,0.0705395,over_ai,0.0388289,over_ai,0.0463076,over_ai,0.0462807,over_ai,0.042433,over_ai,0.0262273,over_ai,0.0297408,countIP,1.99879e+10,countIP0,2.06601e+10,keysum,1.93065e+10,pktSum,3.13369e+10,aggrSum,6.00921e+08,blackkey_num,0,feedback,67,feedsumportion,0.936238,finger0,10,finger,14,time,6,runtime,inf
