item:,0.231.131.143,freq:,135713,true,135670,error,43
item:,0.237.237.194,freq:,18736,true,18611,error,125
item:,0.44.79.221,freq:,19795,true,19591,error,204
item:,0.61.155.83,freq:,21098,true,20993,error,105
item:,0.86.36.31,freq:,15458,true,15261,error,197
item:,1.117.45.211,freq:,14957,true,14857,error,100
item:,1.147.164.7,freq:,16414,true,16377,error,37
item:,1.152.42.222,freq:,23401,true,23309,error,92
item:,100.170.10.175,freq:,15621,true,15594,error,27
item:,100.217.182.35,freq:,12586,true,12492,error,94
item:,100.9.242.80,freq:,28867,true,28764,error,103
item:,101.118.145.28,freq:,17914,true,17735,error,179
item:,101.149.203.119,freq:,15024,true,14971,error,53
item:,101.168.108.105,freq:,32234,true,32181,error,53
item:,101.4.238.41,freq:,13700,true,13639,error,61
item:,101.42.60.172,freq:,14434,true,14132,error,302
item:,102.136.105.117,freq:,14612,true,14520,error,92
item:,102.244.94.211,freq:,17271,true,17202,error,69
item:,102.249.215.121,freq:,19712,true,19642,error,70
item:,102.36.213.131,freq:,18329,true,18275,error,54
item:,102.36.7.18,freq:,67238,true,67188,error,50
item:,103.54.36.80,freq:,12982,true,12931,error,51
item:,103.67.101.18,freq:,16920,true,16826,error,94
item:,104.181.149.136,freq:,91201,true,91097,error,104
item:,104.82.83.0,freq:,15825,true,15760,error,65
item:,106.117.238.26,freq:,15128,true,15092,error,36
item:,106.250.207.179,freq:,14422,true,14352,error,70
item:,106.69.214.120,freq:,58407,true,58355,error,52
item:,106.75.75.77,freq:,26650,true,26599,error,51
item:,108.205.186.135,freq:,15218,true,15123,error,95
item:,108.218.233.54,freq:,33919,true,33820,error,99
item:,108.42.235.130,freq:,17387,true,17283,error,104
item:,109.166.108.73,freq:,35226,true,35150,error,76
item:,109.201.224.169,freq:,30242,true,30161,error,81
item:,109.242.128.73,freq:,49573,true,49535,error,38
item:,109.85.91.42,freq:,16813,true,16774,error,39
item:,109.87.29.88,freq:,182141,true,182007,error,134
item:,11.1.80.74,freq:,36318,true,36223,error,95
item:,11.199.74.89,freq:,25699,true,25578,error,121
item:,11.38.195.10,freq:,29608,true,29504,error,104
item:,11.62.13.175,freq:,15759,true,15614,error,145
item:,110.119.41.137,freq:,42367,true,42335,error,32
item:,110.157.120.223,freq:,24129,true,24000,error,129
item:,111.124.168.53,freq:,12703,true,12686,error,17
item:,111.173.227.96,freq:,13222,true,13202,error,20
item:,111.253.56.80,freq:,15363,true,15300,error,63
item:,111.90.144.107,freq:,14590,true,14393,error,197
item:,112.141.88.157,freq:,14526,true,14405,error,121
item:,112.154.192.169,freq:,14066,true,13936,error,130
item:,112.214.21.171,freq:,19966,true,19885,error,81
item:,112.245.98.99,freq:,14375,true,14301,error,74
item:,112.3.13.252,freq:,17894,true,17870,error,24
item:,113.102.153.174,freq:,33922,true,33798,error,124
item:,113.174.69.113,freq:,14792,true,14753,error,39
item:,113.56.208.23,freq:,19631,true,19566,error,65
item:,113.64.207.192,freq:,15914,true,15845,error,69
item:,114.20.49.120,freq:,19137,true,19087,error,50
item:,115.136.112.81,freq:,12596,true,12533,error,63
item:,115.2.131.68,freq:,35509,true,35462,error,47
item:,115.43.145.132,freq:,15452,true,15350,error,102
item:,116.57.22.5,freq:,69708,true,69610,error,98
item:,118.193.155.16,freq:,14551,true,14430,error,121
item:,118.199.225.166,freq:,22175,true,22160,error,15
item:,118.220.216.255,freq:,46791,true,46787,error,4
item:,118.235.36.34,freq:,13698,true,13599,error,99
item:,121.109.2.56,freq:,18267,true,18216,error,51
item:,121.147.178.92,freq:,31129,true,31,error,31098
item:,121.164.114.125,freq:,17916,true,17707,error,209
item:,121.223.205.52,freq:,31129,true,31014,error,115
item:,121.224.108.145,freq:,36065,true,35731,error,334
item:,121.235.221.228,freq:,16361,true,16275,error,86
item:,121.25.20.54,freq:,23793,true,23708,error,85
item:,121.68.236.54,freq:,16049,true,16010,error,39
item:,123.128.184.248,freq:,15371,true,15300,error,71
item:,123.21.225.26,freq:,55672,true,55639,error,33
item:,123.25.41.13,freq:,62628,true,62435,error,193
item:,123.26.39.208,freq:,14242,true,14153,error,89
item:,123.65.82.224,freq:,20907,true,20896,error,11
item:,123.77.143.147,freq:,13729,true,13701,error,28
item:,124.109.26.69,freq:,37730,true,37663,error,67
item:,124.250.8.27,freq:,34875,true,34720,error,155
item:,124.74.104.219,freq:,15264,true,15225,error,39
item:,125.0.114.87,freq:,48489,true,48406,error,83
item:,125.119.241.222,freq:,104846,true,104828,error,18
item:,125.229.156.24,freq:,14906,true,14811,error,95
item:,126.213.239.246,freq:,17340,true,17208,error,132
item:,128.161.148.96,freq:,36708,true,36635,error,73
item:,128.238.243.185,freq:,14722,true,14570,error,152
item:,128.35.184.187,freq:,41375,true,41282,error,93
item:,128.64.137.168,freq:,116946,true,116842,error,104
item:,129.110.79.155,freq:,41244,true,41160,error,84
item:,129.250.132.152,freq:,17270,true,17188,error,82
item:,129.97.159.244,freq:,52897,true,52845,error,52
item:,13.121.227.246,freq:,20963,true,20907,error,56
item:,13.162.123.99,freq:,39587,true,39553,error,34
item:,13.19.244.194,freq:,38388,true,38334,error,54
item:,13.206.224.135,freq:,13146,true,12692,error,454
item:,13.241.167.50,freq:,21762,true,21693,error,69
item:,13.95.241.246,freq:,13352,true,13297,error,55
item:,130.110.224.32,freq:,15614,true,15575,error,39
item:,132.16.185.195,freq:,23780,true,23752,error,28
item:,133.185.61.243,freq:,89584,true,89497,error,87
item:,133.30.202.62,freq:,18079,true,18008,error,71
item:,133.69.96.23,freq:,15933,true,15880,error,53
item:,134.103.179.164,freq:,37847,true,37816,error,31
item:,134.13.254.68,freq:,20543,true,20487,error,56
item:,134.237.81.208,freq:,48658,true,48600,error,58
item:,134.33.83.145,freq:,12553,true,12479,error,74
item:,134.51.164.168,freq:,45957,true,45943,error,14
item:,134.6.160.11,freq:,17294,true,17249,error,45
item:,134.74.219.20,freq:,15556,true,15461,error,95
item:,134.92.44.141,freq:,17286,true,17183,error,103
item:,136.156.240.142,freq:,20877,true,20860,error,17
item:,137.58.165.144,freq:,24324,true,24256,error,68
item:,138.170.244.166,freq:,16412,true,16335,error,77
item:,138.173.107.229,freq:,12921,true,12839,error,82
item:,138.220.95.241,freq:,30219,true,30170,error,49
item:,138.222.73.239,freq:,22645,true,22576,error,69
item:,138.79.178.202,freq:,13554,true,13447,error,107
item:,14.186.125.164,freq:,20427,true,20376,error,51
item:,141.115.134.9,freq:,46484,true,46416,error,68
item:,141.161.213.94,freq:,24006,true,23963,error,43
item:,141.170.44.89,freq:,15626,true,15299,error,327
item:,141.171.97.247,freq:,24006,true,3,error,24003
item:,141.177.77.137,freq:,20935,true,20905,error,30
item:,141.197.128.255,freq:,16920,true,16797,error,123
item:,141.211.94.218,freq:,15470,true,15384,error,86
item:,141.212.173.184,freq:,53527,true,53475,error,52
item:,141.230.176.185,freq:,19149,true,19091,error,58
item:,141.234.237.142,freq:,50773,true,50514,error,259
item:,141.37.246.206,freq:,21941,true,21888,error,53
item:,141.70.196.56,freq:,2022288,true,2022235,error,53
item:,141.84.20.33,freq:,16507,true,16304,error,203
item:,141.89.58.208,freq:,16384,true,16356,error,28
item:,143.0.148.206,freq:,28713,true,28628,error,85
item:,143.112.76.78,freq:,19232,true,19190,error,42
item:,143.113.186.99,freq:,64074,true,63938,error,136
item:,143.148.135.109,freq:,80774,true,80707,error,67
item:,143.154.94.57,freq:,17434,true,17375,error,59
item:,143.185.224.10,freq:,19401,true,19321,error,80
item:,143.204.163.250,freq:,16165,true,16012,error,153
item:,143.253.245.192,freq:,13379,true,13316,error,63
item:,143.7.242.50,freq:,18603,true,18482,error,121
item:,143.73.227.82,freq:,19232,true,1,error,19231
item:,143.77.142.249,freq:,16705,true,16688,error,17
item:,145.102.7.83,freq:,22752,true,22648,error,104
item:,145.16.106.4,freq:,17904,true,17853,error,51
item:,145.4.79.47,freq:,17710,true,17687,error,23
item:,145.44.51.241,freq:,125279,true,125108,error,171
item:,145.52.165.88,freq:,19917,true,19852,error,65
item:,145.94.53.242,freq:,17376,true,17314,error,62
item:,146.28.203.44,freq:,279064,true,279016,error,48
item:,146.67.226.177,freq:,16786,true,16739,error,47
item:,149.228.254.154,freq:,14249,true,14200,error,49
item:,149.233.229.4,freq:,30292,true,30261,error,31
item:,149.33.162.60,freq:,32377,true,32298,error,79
item:,149.39.87.246,freq:,17207,true,17122,error,85
item:,149.40.177.17,freq:,18520,true,18419,error,101
item:,149.8.43.61,freq:,13506,true,13454,error,52
item:,149.88.83.164,freq:,62777,true,62663,error,114
item:,15.133.180.159,freq:,86588,true,86520,error,68
item:,15.138.116.205,freq:,37318,true,37302,error,16
item:,15.159.2.109,freq:,19800,true,19736,error,64
item:,15.188.180.112,freq:,14215,true,14164,error,51
item:,15.40.214.112,freq:,15409,true,15300,error,109
item:,150.239.142.210,freq:,40901,true,40757,error,144
item:,150.94.149.78,freq:,25838,true,25770,error,68
item:,151.173.239.234,freq:,17428,true,17354,error,74
item:,151.194.118.45,freq:,20889,true,20855,error,34
item:,151.2.155.255,freq:,25294,true,25245,error,49
item:,151.83.84.203,freq:,110556,true,110519,error,37
item:,152.153.154.196,freq:,43304,true,43195,error,109
item:,152.241.181.223,freq:,24066,true,24019,error,47
item:,153.100.39.96,freq:,14407,true,14317,error,90
item:,153.191.151.234,freq:,28259,true,28141,error,118
item:,154.90.157.6,freq:,14592,true,14507,error,85
item:,155.111.92.85,freq:,31318,true,31215,error,103
item:,155.207.95.215,freq:,22915,true,22784,error,131
item:,156.158.154.133,freq:,33299,true,33198,error,101
item:,156.174.66.69,freq:,15307,true,15295,error,12
item:,156.190.171.65,freq:,73440,true,73367,error,73
item:,156.222.107.201,freq:,14791,true,14681,error,110
item:,156.222.234.58,freq:,93961,true,93926,error,35
item:,157.182.210.6,freq:,14807,true,14684,error,123
item:,157.30.102.214,freq:,15504,true,15492,error,12
item:,159.0.187.117,freq:,15453,true,15404,error,49
item:,159.183.150.64,freq:,25395,true,25268,error,127
item:,159.232.113.5,freq:,58539,true,58486,error,53
item:,159.246.210.4,freq:,13469,true,13386,error,83
item:,159.63.112.4,freq:,13394,true,13364,error,30
item:,16.109.224.56,freq:,13119,true,13035,error,84
item:,16.114.89.112,freq:,21875,true,21864,error,11
item:,16.226.142.245,freq:,13043,true,12978,error,65
item:,16.40.216.154,freq:,13644,true,13598,error,46
item:,16.55.126.178,freq:,27464,true,27410,error,54
item:,160.103.237.24,freq:,34636,true,34569,error,67
item:,160.229.88.177,freq:,19703,true,19650,error,53
item:,160.69.123.150,freq:,1618686,true,1618621,error,65
item:,161.10.109.46,freq:,41031,true,40981,error,50
item:,161.213.218.23,freq:,19305,true,19224,error,81
item:,161.240.56.102,freq:,14077,true,14036,error,41
item:,162.203.225.174,freq:,14789,true,14741,error,48
item:,162.245.23.0,freq:,16583,true,16411,error,172
item:,162.99.245.100,freq:,12597,true,12506,error,91
item:,163.125.251.56,freq:,2314095,true,2314017,error,78
item:,163.180.154.201,freq:,14242,true,14178,error,64
item:,163.188.186.255,freq:,16547,true,16482,error,65
item:,163.248.76.255,freq:,81374,true,81343,error,31
item:,163.30.239.96,freq:,57371,true,57341,error,30
item:,164.124.91.228,freq:,16204,true,16094,error,110
item:,164.178.10.40,freq:,165479,true,165390,error,89
item:,164.236.39.129,freq:,40168,true,40050,error,118
item:,164.34.47.173,freq:,18120,true,18074,error,46
item:,165.128.159.40,freq:,45303,true,45298,error,5
item:,165.139.209.147,freq:,18034,true,17962,error,72
item:,165.236.166.59,freq:,17301,true,17210,error,91
item:,165.47.238.7,freq:,76916,true,76867,error,49
item:,165.95.47.120,freq:,17396,true,17371,error,25
item:,167.11.51.252,freq:,238454,true,238341,error,113
item:,167.110.17.166,freq:,14121,true,14027,error,94
item:,167.28.99.71,freq:,30430,true,30379,error,51
item:,167.86.9.225,freq:,17428,true,17379,error,49
item:,168.201.65.251,freq:,33729,true,33594,error,135
item:,169.222.83.185,freq:,63609,true,63479,error,130
item:,169.54.230.181,freq:,22679,true,22600,error,79
item:,170.107.3.29,freq:,21109,true,18,error,21091
item:,170.126.130.83,freq:,104899,true,104843,error,56
item:,170.20.113.199,freq:,14792,true,14735,error,57
item:,170.28.27.90,freq:,14704,true,14625,error,79
item:,170.32.238.158,freq:,40445,true,40325,error,120
item:,170.32.77.209,freq:,12806,true,12730,error,76
item:,170.6.99.249,freq:,49045,true,48993,error,52
item:,170.64.18.219,freq:,13291,true,13178,error,113
item:,170.7.242.233,freq:,12609,true,12491,error,118
item:,170.73.159.9,freq:,17841,true,17773,error,68
item:,170.74.66.219,freq:,1668581,true,1668507,error,74
item:,172.103.202.25,freq:,27921,true,27882,error,39
item:,172.2.220.99,freq:,21109,true,21050,error,59
item:,172.25.164.129,freq:,22273,true,1,error,22272
item:,172.69.166.116,freq:,22273,true,22138,error,135
item:,172.72.169.236,freq:,62298,true,62225,error,73
item:,174.154.80.194,freq:,15095,true,15032,error,63
item:,174.21.111.74,freq:,98363,true,98216,error,147
item:,174.227.226.201,freq:,66882,true,66862,error,20
item:,174.52.80.120,freq:,16045,true,15950,error,95
item:,174.63.113.69,freq:,73318,true,73198,error,120
item:,174.7.175.90,freq:,97589,true,97515,error,74
item:,174.90.58.46,freq:,15302,true,15281,error,21
item:,175.138.26.56,freq:,27500,true,27413,error,87
item:,175.138.27.63,freq:,37500,true,37450,error,50
item:,175.63.94.229,freq:,66011,true,65955,error,56
item:,176.143.3.218,freq:,19821,true,19798,error,23
item:,176.147.56.236,freq:,29714,true,29648,error,66
item:,176.186.65.0,freq:,15295,true,15091,error,204
item:,176.216.251.214,freq:,48122,true,48045,error,77
item:,176.220.111.195,freq:,19334,true,19269,error,65
item:,176.97.198.41,freq:,13820,true,13766,error,54
item:,178.11.84.20,freq:,23247,true,23188,error,59
item:,178.165.232.116,freq:,14425,true,14330,error,95
item:,178.190.150.108,freq:,15454,true,15351,error,103
item:,178.252.191.2,freq:,21178,true,21114,error,64
item:,179.79.75.225,freq:,17426,true,17126,error,300
item:,179.91.66.59,freq:,16350,true,16077,error,273
item:,18.20.216.84,freq:,156034,true,155975,error,59
item:,18.86.167.10,freq:,15240,true,15175,error,65
item:,180.19.29.86,freq:,14670,true,14607,error,63
item:,180.241.126.101,freq:,30296,true,30230,error,66
item:,180.242.102.165,freq:,16820,true,16664,error,156
item:,180.7.216.57,freq:,12941,true,12821,error,120
item:,180.84.246.95,freq:,47831,true,47804,error,27
item:,181.12.62.78,freq:,24279,true,24211,error,68
item:,181.148.165.198,freq:,36543,true,36472,error,71
item:,181.201.213.17,freq:,90691,true,90631,error,60
item:,181.59.29.30,freq:,15666,true,15601,error,65
item:,181.77.31.174,freq:,40381,true,40235,error,146
item:,182.204.154.141,freq:,13111,true,13015,error,96
item:,183.23.16.44,freq:,57194,true,57029,error,165
item:,183.25.75.105,freq:,20517,true,20508,error,9
item:,183.250.246.34,freq:,14968,true,14931,error,37
item:,183.62.120.9,freq:,31904,true,31813,error,91
item:,184.247.143.229,freq:,17788,true,17717,error,71
item:,184.28.218.226,freq:,12596,true,12554,error,42
item:,184.49.57.80,freq:,17648,true,17578,error,70
item:,184.78.188.253,freq:,60599,true,60476,error,123
item:,184.85.178.90,freq:,19069,true,19016,error,53
item:,185.109.57.6,freq:,15666,true,19,error,15647
item:,185.4.162.176,freq:,21799,true,21701,error,98
item:,186.12.47.227,freq:,43130,true,43061,error,69
item:,186.248.45.109,freq:,14564,true,14538,error,26
item:,187.186.116.77,freq:,14057,true,14043,error,14
item:,187.188.35.133,freq:,1695064,true,1694945,error,119
item:,187.192.148.139,freq:,22592,true,22500,error,92
item:,187.203.179.43,freq:,128379,true,128333,error,46
item:,187.77.245.20,freq:,28899,true,28876,error,23
item:,187.97.111.21,freq:,16803,true,16645,error,158
item:,188.109.165.224,freq:,56592,true,56544,error,48
item:,188.122.74.242,freq:,34710,true,34442,error,268
item:,188.127.187.174,freq:,44746,true,44677,error,69
item:,188.233.108.34,freq:,13122,true,13072,error,50
item:,19.128.250.123,freq:,34942,true,34889,error,53
item:,19.136.202.82,freq:,98494,true,98424,error,70
item:,19.213.217.173,freq:,19135,true,19089,error,46
item:,19.87.194.204,freq:,16066,true,15967,error,99
item:,190.124.89.232,freq:,13797,true,13563,error,234
item:,191.253.110.1,freq:,21989,true,21900,error,89
item:,191.34.53.180,freq:,90557,true,90495,error,62
item:,191.47.57.186,freq:,14855,true,14827,error,28
item:,192.176.101.220,freq:,16446,true,16391,error,55
item:,193.147.77.226,freq:,19430,true,19329,error,101
item:,194.176.189.161,freq:,17680,true,17601,error,79
item:,194.182.161.121,freq:,13042,true,12913,error,129
item:,194.71.29.121,freq:,13329,true,13263,error,66
item:,195.10.158.251,freq:,56633,true,56562,error,71
item:,195.204.162.94,freq:,79854,true,79823,error,31
item:,197.139.193.201,freq:,14731,true,14653,error,78
item:,197.149.253.190,freq:,34385,true,34348,error,37
item:,197.169.245.51,freq:,41557,true,41440,error,117
item:,197.182.217.15,freq:,21091,true,21018,error,73
item:,197.188.63.29,freq:,12884,true,12844,error,40
item:,197.233.61.43,freq:,13146,true,13024,error,122
item:,198.165.237.205,freq:,30002,true,29927,error,75
item:,198.179.39.86,freq:,17281,true,17176,error,105
item:,198.68.122.6,freq:,37462,true,37370,error,92
item:,198.68.128.241,freq:,16184,true,16141,error,43
item:,2.51.41.253,freq:,36856,true,36776,error,80
item:,20.156.235.77,freq:,27285,true,27247,error,38
item:,20.206.53.80,freq:,22168,true,22133,error,35
item:,20.212.241.219,freq:,23332,true,22493,error,839
item:,20.49.132.240,freq:,22700,true,22511,error,189
item:,200.15.73.46,freq:,13301,true,13224,error,77
item:,200.155.157.244,freq:,17299,true,17238,error,61
item:,200.16.100.118,freq:,13160,true,13015,error,145
item:,200.217.197.1,freq:,18514,true,18505,error,9
item:,200.221.152.247,freq:,62232,true,62093,error,139
item:,200.30.147.38,freq:,13799,true,13709,error,90
item:,200.43.24.117,freq:,50525,true,50322,error,203
item:,200.76.197.55,freq:,73250,true,73177,error,73
item:,200.87.246.116,freq:,28847,true,28801,error,46
item:,200.89.33.202,freq:,70133,true,70087,error,46
item:,203.10.74.206,freq:,19634,true,19597,error,37
item:,203.132.63.8,freq:,15132,true,15083,error,49
item:,203.171.247.177,freq:,21194,true,21133,error,61
item:,203.178.210.174,freq:,21194,true,22,error,21172
item:,203.198.143.14,freq:,21004,true,20839,error,165
item:,203.206.52.29,freq:,22344,true,22337,error,7
item:,203.255.82.214,freq:,71599,true,71570,error,29
item:,203.52.83.224,freq:,46081,true,46037,error,44
item:,203.94.70.105,freq:,46640,true,46473,error,167
item:,203.99.60.217,freq:,53800,true,53626,error,174
item:,204.114.108.187,freq:,26528,true,26421,error,107
item:,204.147.119.78,freq:,13980,true,13860,error,120
item:,204.218.157.115,freq:,13288,true,13213,error,75
item:,204.74.75.0,freq:,73609,true,73530,error,79
item:,204.88.48.156,freq:,27653,true,27632,error,21
item:,205.115.0.250,freq:,20569,true,20485,error,84
item:,206.221.244.21,freq:,17821,true,17787,error,34
item:,206.36.172.36,freq:,35029,true,34982,error,47
item:,207.190.82.28,freq:,42228,true,42217,error,11
item:,208.139.159.143,freq:,30092,true,29965,error,127
item:,208.159.211.223,freq:,50564,true,50442,error,122
item:,208.231.250.58,freq:,23832,true,23798,error,34
item:,208.27.190.3,freq:,29298,true,29209,error,89
item:,208.85.98.218,freq:,23161,true,23026,error,135
item:,208.94.249.86,freq:,36409,true,36337,error,72
item:,21.146.217.251,freq:,27539,true,27458,error,81
item:,21.178.73.112,freq:,21491,true,21405,error,86
item:,21.207.246.84,freq:,16104,true,16007,error,97
item:,21.59.190.143,freq:,42564,true,42500,error,64
item:,21.94.181.58,freq:,46906,true,46806,error,100
item:,211.113.77.204,freq:,20133,true,20085,error,48
item:,211.115.76.102,freq:,23784,true,23732,error,52
item:,211.12.138.105,freq:,14680,true,14615,error,65
item:,211.201.249.65,freq:,41177,true,41125,error,52
item:,211.228.247.141,freq:,33990,true,33853,error,137
item:,211.235.129.233,freq:,12597,true,12559,error,38
item:,211.24.221.98,freq:,12686,true,12593,error,93
item:,212.171.226.74,freq:,109294,true,109250,error,44
item:,212.68.199.18,freq:,25127,true,24741,error,386
item:,212.82.69.140,freq:,31122,true,31002,error,120
item:,213.106.118.254,freq:,22709,true,22582,error,127
item:,213.117.84.232,freq:,136063,true,135998,error,65
item:,213.125.93.47,freq:,45293,true,45249,error,44
item:,213.151.25.93,freq:,14912,true,14843,error,69
item:,213.29.91.96,freq:,84147,true,84042,error,105
item:,213.47.159.29,freq:,41753,true,41658,error,95
item:,213.80.252.178,freq:,13654,true,13571,error,83
item:,214.137.38.240,freq:,13329,true,13258,error,71
item:,215.101.248.75,freq:,15420,true,15300,error,120
item:,215.118.47.175,freq:,15955,true,15894,error,61
item:,215.167.36.109,freq:,14579,true,14527,error,52
item:,215.43.128.29,freq:,49141,true,49076,error,65
item:,215.82.144.17,freq:,14310,true,14269,error,41
item:,215.94.211.109,freq:,27509,true,27446,error,63
item:,216.103.82.193,freq:,16442,true,16349,error,93
item:,216.12.90.27,freq:,18350,true,18195,error,155
item:,216.182.122.141,freq:,18412,true,18354,error,58
item:,216.211.250.137,freq:,79476,true,79411,error,65
item:,216.244.232.5,freq:,22921,true,22875,error,46
item:,216.35.231.213,freq:,28781,true,28753,error,28
item:,218.21.150.138,freq:,12973,true,12922,error,51
item:,218.29.112.92,freq:,13045,true,12955,error,90
item:,218.4.82.208,freq:,41817,true,41793,error,24
item:,218.4.9.83,freq:,28167,true,27907,error,260
item:,218.49.24.31,freq:,14826,true,14713,error,113
item:,218.68.14.195,freq:,30681,true,30612,error,69
item:,218.68.44.64,freq:,12510,true,12294,error,216
item:,218.73.95.174,freq:,14417,true,14351,error,66
item:,218.78.24.155,freq:,35317,true,35241,error,76
item:,218.89.196.24,freq:,22118,true,22066,error,52
item:,218.98.83.76,freq:,33526,true,33467,error,59
item:,220.158.151.160,freq:,101202,true,101121,error,81
item:,220.19.44.68,freq:,36537,true,36520,error,17
item:,220.50.217.78,freq:,15822,true,15699,error,123
item:,221.158.122.172,freq:,18154,true,18045,error,109
item:,221.38.174.218,freq:,19500,true,19445,error,55
item:,222.202.43.6,freq:,12766,true,12635,error,131
item:,222.6.98.82,freq:,14009,true,13968,error,41
item:,222.61.90.203,freq:,15409,true,15349,error,60
item:,223.11.50.110,freq:,115144,true,115031,error,113
item:,223.115.9.56,freq:,28660,true,28595,error,65
item:,226.185.17.6,freq:,27523,true,27374,error,149
item:,226.99.150.31,freq:,24173,true,24060,error,113
item:,227.149.220.226,freq:,15139,true,15000,error,139
item:,227.27.47.169,freq:,14734,true,14718,error,16
item:,228.236.155.9,freq:,44093,true,43985,error,108
item:,228.248.60.254,freq:,16759,true,16699,error,60
item:,23.148.110.199,freq:,42656,true,42527,error,129
item:,23.204.184.186,freq:,22963,true,22904,error,59
item:,23.230.65.223,freq:,151143,true,151061,error,82
item:,231.125.66.37,freq:,15850,true,15718,error,132
item:,231.131.197.202,freq:,89551,true,89507,error,44
item:,231.54.100.56,freq:,13900,true,13849,error,51
item:,233.176.154.91,freq:,12673,true,2,error,12671
item:,233.177.92.13,freq:,141920,true,141863,error,57
item:,233.183.116.89,freq:,26393,true,26307,error,86
item:,233.209.5.201,freq:,15417,true,15299,error,118
item:,233.236.148.16,freq:,65646,true,65578,error,68
item:,233.236.182.91,freq:,12673,true,12614,error,59
item:,233.243.89.30,freq:,28071,true,27904,error,167
item:,233.48.36.127,freq:,17839,true,17756,error,83
item:,233.86.61.141,freq:,45639,true,45541,error,98
item:,234.118.79.132,freq:,49219,true,49177,error,42
item:,234.156.148.167,freq:,30362,true,30251,error,111
item:,234.206.19.85,freq:,13084,true,13015,error,69
item:,234.236.179.25,freq:,64513,true,64431,error,82
item:,235.79.175.187,freq:,87699,true,87618,error,81
item:,237.102.236.202,freq:,15213,true,15183,error,30
item:,237.228.0.222,freq:,26628,true,26589,error,39
item:,237.228.196.149,freq:,29119,true,29083,error,36
item:,237.23.130.116,freq:,12582,true,12499,error,83
item:,237.39.170.161,freq:,24669,true,24623,error,46
item:,237.80.2.60,freq:,18757,true,18714,error,43
item:,237.81.161.190,freq:,17563,true,17513,error,50
item:,237.89.26.233,freq:,56057,true,56001,error,56
item:,238.119.97.123,freq:,14326,true,14219,error,107
item:,238.133.113.205,freq:,168915,true,168867,error,48
item:,238.32.3.90,freq:,47316,true,47214,error,102
item:,238.33.227.237,freq:,21679,true,21444,error,235
item:,238.57.233.63,freq:,31397,true,31366,error,31
item:,238.89.175.246,freq:,39806,true,39709,error,97
item:,239.10.97.175,freq:,29913,true,29871,error,42
item:,239.120.103.84,freq:,55366,true,55304,error,62
item:,239.197.61.134,freq:,13946,true,13872,error,74
item:,239.239.182.41,freq:,16756,true,16631,error,125
item:,239.35.51.230,freq:,13763,true,13594,error,169
item:,24.11.253.108,freq:,18761,true,18733,error,28
item:,24.26.104.171,freq:,20775,true,20612,error,163
item:,24.34.163.243,freq:,22415,true,22366,error,49
item:,24.48.130.211,freq:,20775,true,2,error,20773
item:,24.64.149.107,freq:,1613761,true,1613692,error,69
item:,240.153.158.91,freq:,14231,true,14148,error,83
item:,240.23.56.26,freq:,24772,true,24680,error,92
item:,240.24.80.148,freq:,14732,true,14680,error,52
item:,240.29.93.145,freq:,16072,true,15941,error,131
item:,240.69.234.226,freq:,58612,true,58534,error,78
item:,242.167.44.46,freq:,44071,true,43995,error,76
item:,242.174.5.100,freq:,15331,true,15287,error,44
item:,242.232.108.137,freq:,31849,true,31770,error,79
item:,242.236.97.67,freq:,46430,true,46375,error,55
item:,242.81.40.15,freq:,34166,true,34105,error,61
item:,242.81.40.32,freq:,12599,true,12536,error,63
item:,245.106.156.154,freq:,12635,true,8,error,12627
item:,245.107.183.104,freq:,12635,true,12499,error,136
item:,245.136.165.179,freq:,29774,true,29731,error,43
item:,245.154.245.152,freq:,77370,true,77320,error,50
item:,245.234.103.77,freq:,17148,true,16784,error,364
item:,245.25.205.166,freq:,32561,true,32478,error,83
item:,245.66.132.199,freq:,15432,true,15356,error,76
item:,245.79.227.120,freq:,19467,true,19306,error,161
item:,246.115.81.199,freq:,14628,true,14590,error,38
item:,246.201.123.234,freq:,24848,true,24737,error,111
item:,246.247.199.168,freq:,14958,true,14892,error,66
item:,246.5.42.144,freq:,14088,true,14055,error,33
item:,246.74.71.201,freq:,16112,true,16052,error,60
item:,247.200.84.145,freq:,12667,true,12564,error,103
item:,247.26.175.39,freq:,68897,true,68858,error,39
item:,247.8.112.211,freq:,20335,true,20294,error,41
item:,27.106.18.74,freq:,15295,true,15237,error,58
item:,27.117.134.51,freq:,15065,true,15032,error,33
item:,27.23.184.162,freq:,41046,true,40987,error,59
item:,27.62.135.250,freq:,68098,true,68030,error,68
item:,27.68.230.72,freq:,19905,true,19868,error,37
item:,27.88.192.19,freq:,19454,true,19319,error,135
item:,28.222.205.236,freq:,16180,true,16115,error,65
item:,28.92.102.218,freq:,12621,true,12527,error,94
item:,29.191.102.10,freq:,18464,true,18388,error,76
item:,29.215.190.29,freq:,17652,true,17600,error,52
item:,3.128.92.237,freq:,13460,true,13353,error,107
item:,3.141.107.75,freq:,29549,true,29502,error,47
item:,3.149.76.90,freq:,51524,true,51464,error,60
item:,3.206.217.42,freq:,14993,true,14820,error,173
item:,3.216.57.84,freq:,382132,true,382042,error,90
item:,30.102.151.172,freq:,13041,true,12960,error,81
item:,30.199.18.6,freq:,55757,true,55310,error,447
item:,30.30.24.33,freq:,55757,true,280,error,55477
item:,31.171.236.162,freq:,72568,true,72473,error,95
item:,31.46.86.137,freq:,25097,true,25037,error,60
item:,32.102.251.151,freq:,16082,true,16025,error,57
item:,32.52.113.228,freq:,15131,true,15080,error,51
item:,32.86.148.70,freq:,12938,true,12915,error,23
item:,33.185.112.184,freq:,20259,true,20160,error,99
item:,33.251.206.134,freq:,23158,true,23085,error,73
item:,35.251.77.238,freq:,16175,true,16150,error,25
item:,35.252.33.213,freq:,33691,true,33525,error,166
item:,35.9.99.86,freq:,18975,true,18948,error,27
item:,36.113.131.121,freq:,19738,true,19667,error,71
item:,36.171.199.190,freq:,26806,true,26730,error,76
item:,36.214.17.152,freq:,85063,true,85022,error,41
item:,36.219.73.118,freq:,13876,true,13769,error,107
item:,36.67.9.40,freq:,14727,true,14669,error,58
item:,36.71.2.20,freq:,51032,true,50950,error,82
item:,39.126.70.70,freq:,21926,true,21916,error,10
item:,39.158.5.185,freq:,24690,true,24595,error,95
item:,39.168.33.129,freq:,20917,true,20853,error,64
item:,39.24.6.74,freq:,21064,true,20986,error,78
item:,39.24.7.137,freq:,12842,true,12815,error,27
item:,39.48.207.4,freq:,14558,true,14476,error,82
item:,39.75.45.26,freq:,13483,true,13318,error,165
item:,4.164.198.166,freq:,33464,true,33335,error,129
item:,4.2.96.60,freq:,32663,true,32552,error,111
item:,4.23.64.236,freq:,91374,true,91219,error,155
item:,4.4.153.115,freq:,13293,true,13255,error,38
item:,4.74.70.77,freq:,40618,true,40491,error,127
item:,40.148.70.131,freq:,17386,true,17306,error,80
item:,40.15.163.210,freq:,21741,true,21589,error,152
item:,40.180.24.223,freq:,13445,true,13358,error,87
item:,40.214.63.240,freq:,75253,true,75157,error,96
item:,42.137.141.103,freq:,14730,true,14668,error,62
item:,42.145.103.157,freq:,47895,true,47795,error,100
item:,42.153.82.181,freq:,32946,true,32913,error,33
item:,42.64.93.66,freq:,13187,true,13064,error,123
item:,42.74.233.169,freq:,17354,true,17292,error,62
item:,45.132.153.127,freq:,21783,true,21732,error,51
item:,45.238.253.205,freq:,33577,true,33548,error,29
item:,45.83.233.182,freq:,14188,true,14150,error,38
item:,45.87.82.163,freq:,21623,true,21508,error,115
item:,46.105.26.40,freq:,39310,true,39270,error,40
item:,46.228.203.154,freq:,34299,true,34277,error,22
item:,46.23.23.177,freq:,33664,true,33629,error,35
item:,46.242.239.48,freq:,24869,true,24848,error,21
item:,46.25.35.84,freq:,25353,true,25228,error,125
item:,46.45.126.254,freq:,45043,true,44996,error,47
item:,46.47.144.98,freq:,12552,true,12488,error,64
item:,46.49.5.178,freq:,38999,true,38960,error,39
item:,46.84.36.29,freq:,17716,true,17686,error,30
item:,46.99.184.239,freq:,13611,true,13552,error,59
item:,48.0.150.125,freq:,22082,true,22047,error,35
item:,48.131.121.199,freq:,13335,true,13199,error,136
item:,48.132.238.109,freq:,13335,true,1,error,13334
item:,48.218.60.102,freq:,27433,true,27199,error,234
item:,48.223.24.107,freq:,22079,true,22051,error,28
item:,49.116.45.186,freq:,22625,true,22458,error,167
item:,49.127.52.155,freq:,14961,true,14845,error,116
item:,49.136.80.147,freq:,16175,true,16139,error,36
item:,49.232.1.51,freq:,13461,true,13422,error,39
item:,49.93.78.202,freq:,47774,true,47665,error,109
item:,5.66.59.4,freq:,15410,true,15360,error,50
item:,50.106.130.244,freq:,13198,true,13149,error,49
item:,50.168.18.54,freq:,18428,true,18399,error,29
item:,50.242.241.27,freq:,19546,true,19434,error,112
item:,50.247.157.14,freq:,20904,true,20703,error,201
item:,50.34.20.251,freq:,26157,true,26083,error,74
item:,52.201.184.204,freq:,18086,true,17974,error,112
item:,52.239.99.192,freq:,13385,true,13354,error,31
item:,52.242.137.8,freq:,19102,true,19055,error,47
item:,52.40.85.171,freq:,19103,true,19055,error,48
item:,54.125.5.63,freq:,60151,true,60057,error,94
item:,54.44.182.57,freq:,31989,true,31897,error,92
item:,54.73.33.65,freq:,15282,true,15243,error,39
item:,56.105.72.7,freq:,15539,true,15496,error,43
item:,56.164.109.49,freq:,24132,true,24060,error,72
item:,56.46.34.43,freq:,27004,true,26928,error,76
item:,57.118.54.37,freq:,20447,true,20413,error,34
item:,57.228.239.148,freq:,18569,true,18454,error,115
item:,57.239.128.236,freq:,20355,true,20329,error,26
item:,59.166.250.207,freq:,19028,true,18967,error,61
item:,59.197.11.7,freq:,25080,true,24979,error,101
item:,59.40.190.74,freq:,47385,true,47341,error,44
item:,59.74.184.204,freq:,48326,true,48263,error,63
item:,6.151.41.92,freq:,31813,true,31769,error,44
item:,6.17.38.246,freq:,31740,true,31696,error,44
item:,60.121.159.72,freq:,14372,true,14317,error,55
item:,61.124.119.80,freq:,17174,true,17135,error,39
item:,61.128.192.214,freq:,17228,true,17179,error,49
item:,61.198.23.145,freq:,16446,true,16362,error,84
item:,61.237.4.216,freq:,13597,true,13542,error,55
item:,61.249.149.134,freq:,15270,true,15153,error,117
item:,61.86.53.136,freq:,13597,true,1,error,13596
item:,62.127.246.51,freq:,20852,true,20813,error,39
item:,62.162.184.249,freq:,38287,true,38175,error,112
item:,62.186.138.11,freq:,15346,true,6,error,15340
item:,62.22.15.83,freq:,19716,true,19597,error,119
item:,62.224.125.28,freq:,29500,true,29455,error,45
item:,62.244.177.228,freq:,41100,true,41047,error,53
item:,62.38.194.124,freq:,15346,true,15299,error,47
item:,62.59.169.34,freq:,63091,true,62961,error,130
item:,62.73.0.21,freq:,32353,true,32267,error,86
item:,65.0.207.200,freq:,92775,true,92685,error,90
item:,65.106.225.99,freq:,16573,true,16514,error,59
item:,65.121.85.114,freq:,14515,true,14449,error,66
item:,65.18.159.236,freq:,19097,true,18840,error,257
item:,65.31.158.167,freq:,143191,true,143110,error,81
item:,65.42.163.59,freq:,72790,true,72649,error,141
item:,65.5.44.169,freq:,19461,true,19367,error,94
item:,65.80.52.16,freq:,19567,true,19521,error,46
item:,65.92.18.143,freq:,18554,true,18520,error,34
item:,65.96.179.137,freq:,19780,true,19623,error,157
item:,66.201.48.31,freq:,15770,true,15628,error,142
item:,66.239.47.216,freq:,14322,true,14241,error,81
item:,66.245.95.206,freq:,13639,true,13587,error,52
item:,66.7.68.97,freq:,109106,true,108919,error,187
item:,67.142.123.177,freq:,13104,true,12971,error,133
item:,67.213.215.248,freq:,45745,true,45652,error,93
item:,67.219.229.162,freq:,80983,true,80920,error,63
item:,67.52.235.98,freq:,446171,true,446157,error,14
item:,68.137.213.43,freq:,35506,true,35450,error,56
item:,68.206.48.142,freq:,21428,true,21278,error,150
item:,68.219.16.235,freq:,13614,true,13465,error,149
item:,68.239.234.251,freq:,14121,true,14055,error,66
item:,68.43.28.19,freq:,22834,true,22755,error,79
item:,68.53.156.76,freq:,18439,true,18309,error,130
item:,68.58.45.96,freq:,35358,true,35303,error,55
item:,7.139.113.1,freq:,14262,true,14199,error,63
item:,7.2.233.29,freq:,13917,true,13838,error,79
item:,7.68.74.240,freq:,14238,true,14209,error,29
item:,7.85.103.208,freq:,22133,true,22074,error,59
item:,71.138.186.20,freq:,18757,true,18735,error,22
item:,71.156.188.111,freq:,19493,true,19411,error,82
item:,71.193.5.69,freq:,14949,true,14859,error,90
item:,71.214.66.239,freq:,19290,true,19248,error,42
item:,71.221.129.144,freq:,13171,true,13120,error,51
item:,71.224.144.29,freq:,39981,true,39883,error,98
item:,71.97.78.119,freq:,25801,true,25765,error,36
item:,73.214.55.148,freq:,16880,true,16861,error,19
item:,73.34.253.138,freq:,34164,true,34099,error,65
item:,73.37.123.132,freq:,44473,true,44320,error,153
item:,73.94.131.159,freq:,29761,true,29702,error,59
item:,74.107.149.173,freq:,27769,true,27688,error,81
item:,74.26.141.158,freq:,36660,true,36567,error,93
item:,75.202.6.114,freq:,39424,true,39407,error,17
item:,75.248.62.223,freq:,35455,true,35353,error,102
item:,75.50.122.158,freq:,12923,true,12813,error,110
item:,77.231.78.154,freq:,16982,true,16892,error,90
item:,77.33.81.15,freq:,17083,true,17018,error,65
item:,77.64.242.72,freq:,13051,true,12957,error,94
item:,79.158.95.74,freq:,22837,true,22782,error,55
item:,79.161.62.10,freq:,38913,true,38903,error,10
item:,79.162.88.56,freq:,14531,true,14475,error,56
item:,79.251.27.170,freq:,20029,true,19982,error,47
item:,79.97.100.111,freq:,13645,true,13590,error,55
item:,8.124.108.221,freq:,23170,true,1,error,23169
item:,8.17.61.176,freq:,20658,true,20491,error,167
item:,8.180.185.247,freq:,23170,true,23051,error,119
item:,8.206.84.156,freq:,595797,true,595727,error,70
item:,8.219.143.43,freq:,51330,true,51216,error,114
item:,8.223.38.215,freq:,45771,true,45705,error,66
item:,8.251.131.144,freq:,17143,true,17091,error,52
item:,8.35.14.128,freq:,12926,true,12806,error,120
item:,8.45.10.207,freq:,23955,true,23895,error,60
item:,8.94.39.54,freq:,20842,true,20775,error,67
item:,8.99.48.183,freq:,14349,true,14312,error,37
item:,80.207.24.202,freq:,23452,true,23405,error,47
item:,80.243.58.153,freq:,13989,true,13980,error,9
item:,80.246.4.180,freq:,14339,true,14221,error,118
item:,80.250.173.207,freq:,14158,true,14087,error,71
item:,81.176.55.213,freq:,19406,true,19320,error,86
item:,81.97.111.189,freq:,54340,true,54133,error,207
item:,82.2.247.235,freq:,16797,true,16693,error,104
item:,83.121.202.163,freq:,24907,true,24805,error,102
item:,83.29.22.140,freq:,21103,true,21066,error,37
item:,83.48.84.181,freq:,24748,true,24716,error,32
item:,84.159.214.7,freq:,24592,true,24473,error,119
item:,84.176.95.185,freq:,15130,true,15082,error,48
item:,84.240.244.95,freq:,18682,true,18620,error,62
item:,85.201.254.212,freq:,15366,true,15246,error,120
item:,85.209.182.76,freq:,50405,true,50334,error,71
item:,85.21.17.173,freq:,24309,true,24273,error,36
item:,85.48.115.5,freq:,20903,true,20821,error,82
item:,85.90.66.227,freq:,13760,true,13625,error,135
item:,86.106.95.154,freq:,50857,true,50802,error,55
item:,86.224.241.215,freq:,14381,true,14169,error,212
item:,86.75.183.174,freq:,18063,true,17987,error,76
item:,87.128.63.55,freq:,13173,true,13113,error,60
item:,87.129.236.67,freq:,13782,true,13747,error,35
item:,87.139.89.155,freq:,19073,true,19000,error,73
item:,87.179.6.22,freq:,266195,true,266124,error,71
item:,87.48.242.96,freq:,17228,true,17188,error,40
item:,87.62.152.87,freq:,38217,true,38155,error,62
item:,88.179.96.116,freq:,26224,true,26057,error,167
item:,88.233.47.53,freq:,29746,true,29686,error,60
item:,89.35.54.105,freq:,12543,true,12487,error,56
item:,89.59.60.227,freq:,71009,true,70948,error,61
item:,91.123.250.232,freq:,17156,true,17131,error,25
item:,91.25.152.144,freq:,51596,true,51380,error,216
item:,91.32.252.78,freq:,35134,true,35034,error,100
item:,91.33.12.124,freq:,38846,true,38769,error,77
item:,91.44.135.9,freq:,125460,true,125386,error,74
item:,91.48.94.117,freq:,40134,true,40000,error,134
item:,91.72.165.218,freq:,27650,true,27491,error,159
item:,91.94.254.239,freq:,20213,true,20185,error,28
item:,93.120.227.157,freq:,37530,true,37499,error,31
item:,93.24.173.19,freq:,32400,true,32310,error,90
item:,93.5.103.246,freq:,16158,true,16102,error,56
item:,93.55.15.96,freq:,15645,true,15568,error,77
item:,94.133.201.28,freq:,22628,true,22567,error,61
item:,94.2.80.95,freq:,38581,true,38503,error,78
item:,94.26.127.172,freq:,12856,true,12817,error,39
item:,96.164.10.151,freq:,24568,true,24482,error,86
item:,96.217.255.38,freq:,32218,true,32149,error,69
item:,96.75.231.137,freq:,36338,true,36284,error,54
item:,97.12.35.227,freq:,87403,true,87363,error,40
item:,97.134.166.94,freq:,17137,true,16991,error,146
item:,97.44.230.213,freq:,44215,true,44123,error,92
item:,98.144.139.235,freq:,15074,true,14915,error,159
item:,98.231.252.180,freq:,45069,true,45032,error,37
item:,99.186.205.179,freq:,12984,true,12753,error,231
item:,99.240.85.10,freq:,13942,true,13895,error,47
